timestamp,machine,fonte,temperature,vibration,current,rotation,flow,humidity,gas,status_code
2026-09-23T22:27:51+00:00,M01,simulado,70.0,2.2,7.5,3498.0,29.6,27.8,,0
2026-09-23T22:28:01+00:00,M01,simulado,69.9,2.4,7.7,3497.0,29.9,28.3,,0
2026-09-23T22:28:11+00:00,M01,simulado,70.0,2.4,7.5,3491.0,29.8,27.2,,0
2026-09-23T22:28:21+00:00,M01,simulado,69.9,2.4,7.7,3489.0,30.5,27.0,,0
2026-09-23T22:28:31+00:00,M01,simulado,70.0,2.4,7.8,3496.0,31.0,29.1,,0
2026-09-23T22:28:41+00:00,M01,simulado,70.1,2.3,7.6,3520.0,31.1,28.0,,0
2026-09-23T22:28:51+00:00,M01,simulado,70.0,2.5,7.9,3504.0,32.0,27.5,,0
2026-09-23T22:29:01+00:00,M01,simulado,70.2,2.6,7.8,3519.0,32.7,28.1,,0
2026-09-23T22:29:11+00:00,M01,simulado,70.1,2.6,7.8,3527.0,33.0,27.4,,0
2026-09-23T22:29:21+00:00,M01,simulado,70.0,2.4,7.6,3502.0,33.1,30.3,,0
2026-09-23T22:29:31+00:00,M01,simulado,70.1,2.6,7.5,3492.0,32.4,27.9,,0
2026-09-23T22:29:41+00:00,M01,simulado,70.0,2.6,7.2,3494.0,32.7,26.9,,0
2026-09-23T22:29:51+00:00,M01,simulado,70.1,2.6,7.0,3480.0,33.3,28.3,,0
2026-09-23T22:30:01+00:00,M01,simulado,70.0,2.4,6.8,3470.0,33.0,26.6,,0
2026-09-23T22:30:11+00:00,M01,simulado,70.0,2.4,7.0,3489.0,33.0,28.6,,0
2026-09-23T22:30:21+00:00,M01,simulado,70.0,2.3,7.2,3483.0,33.5,27.2,,0
2026-09-23T22:30:31+00:00,M01,simulado,70.0,2.2,6.9,3478.0,33.8,26.8,,0
2026-09-23T22:30:41+00:00,M01,simulado,70.2,2.2,7.2,3488.0,33.9,27.1,,0
2026-09-23T22:30:51+00:00,M01,simulado,70.2,2.2,7.4,3494.0,33.8,29.0,,0
2026-09-23T22:31:01+00:00,M01,simulado,70.3,2.0,7.1,3477.0,34.5,27.9,,0
2026-09-23T22:31:11+00:00,M01,simulado,70.4,1.9,7.2,3488.0,34.2,28.9,,0
2026-09-23T22:31:21+00:00,M01,simulado,70.2,1.9,7.1,3468.0,34.3,27.0,,0
2026-09-23T22:31:31+00:00,M01,simulado,70.3,1.6,6.8,3455.0,35.0,27.9,,0
2026-09-23T22:31:41+00:00,M01,simulado,70.1,1.7,7.1,3454.0,35.0,28.0,,0
2026-09-23T22:31:51+00:00,M01,simulado,70.0,1.9,7.2,3476.0,34.7,27.6,,0
2026-09-23T22:32:01+00:00,M01,simulado,70.2,1.9,7.0,3464.0,35.0,27.3,,0
2026-09-23T22:32:11+00:00,M01,simulado,70.0,1.8,7.2,3456.0,34.8,28.5,,0
2026-09-23T22:32:21+00:00,M01,simulado,70.1,1.7,6.9,3449.0,35.1,30.1,,0
2026-09-23T22:32:31+00:00,M01,simulado,70.2,2.0,6.7,3465.0,34.7,27.6,,0
2026-09-23T22:32:41+00:00,M01,simulado,70.3,2.2,6.7,3459.0,34.4,28.1,,0
2026-09-23T22:32:51+00:00,M01,simulado,70.1,2.4,6.5,3467.0,34.9,27.5,,0
2026-09-23T22:33:01+00:00,M01,simulado,70.3,2.4,6.7,3462.0,35.2,29.7,,0
2026-09-23T22:33:11+00:00,M01,simulado,70.3,2.2,6.9,3479.0,35.8,29.9,,0
2026-09-23T22:33:21+00:00,M01,simulado,70.2,2.0,6.8,3482.0,36.5,28.7,,0
2026-09-23T22:33:31+00:00,M01,simulado,70.2,2.0,6.9,3485.0,37.4,27.9,,0
2026-09-23T22:33:41+00:00,M01,simulado,70.3,2.0,6.7,3481.0,36.5,29.4,,0
2026-09-23T22:33:51+00:00,M01,simulado,70.4,1.8,6.5,3466.0,37.1,28.4,,0
2026-09-23T22:34:01+00:00,M01,simulado,70.5,2.0,6.8,3474.0,37.1,28.1,,0
2026-09-23T22:34:11+00:00,M01,simulado,70.3,2.2,6.6,3478.0,37.6,27.4,,0
2026-09-23T22:34:21+00:00,M01,simulado,70.3,2.3,6.5,3501.0,37.9,28.9,,0
2026-09-23T22:34:31+00:00,M01,simulado,70.3,2.3,6.4,3517.0,37.1,29.7,,0
2026-09-23T22:34:41+00:00,M01,simulado,70.2,2.3,6.3,3533.0,36.8,30.3,,0
2026-09-23T22:34:51+00:00,M01,simulado,70.2,2.3,6.1,3540.0,36.3,27.0,,0
2026-09-23T22:35:01+00:00,M01,simulado,70.1,2.5,6.0,3535.0,36.9,26.6,,0
2026-09-23T22:35:11+00:00,M01,simulado,69.9,2.3,6.1,3555.0,36.9,30.0,,0
2026-09-23T22:35:21+00:00,M01,simulado,69.9,2.3,6.1,3573.0,37.1,27.9,,0
2026-09-23T22:35:31+00:00,M01,simulado,70.1,2.3,6.1,3551.0,38.0,28.9,,0
2026-09-23T22:35:41+00:00,M01,simulado,69.9,2.3,6.3,3531.0,37.5,27.2,,0
2026-09-23T22:35:51+00:00,M01,simulado,69.9,2.2,6.4,3520.0,37.4,28.5,,0
2026-09-23T22:36:01+00:00,M01,simulado,69.9,1.9,6.2,3542.0,37.2,28.5,,0
2026-09-23T22:36:11+00:00,M01,simulado,69.8,1.8,6.3,3555.0,37.7,27.5,,0
2026-09-23T22:36:21+00:00,M01,simulado,69.9,1.8,6.3,3546.0,38.0,27.9,,0
2026-09-23T22:36:31+00:00,M01,simulado,69.9,1.6,6.5,3550.0,38.0,27.1,,0
2026-09-23T22:36:41+00:00,M01,simulado,69.8,1.7,6.3,3554.0,37.1,27.2,,0
2026-09-23T22:36:51+00:00,M01,simulado,69.7,1.6,6.2,3573.0,37.5,29.5,,0
2026-09-23T22:37:01+00:00,M01,simulado,70.0,1.7,6.1,3561.0,36.8,27.9,,0
2026-09-23T22:37:11+00:00,M01,simulado,69.8,1.9,6.3,3552.0,36.5,26.8,,0
2026-09-23T22:37:21+00:00,M01,simulado,69.8,2.1,6.2,3530.0,35.7,30.4,,0
2026-09-23T22:37:31+00:00,M01,simulado,69.8,2.2,6.3,3507.0,34.8,27.9,,0
2026-09-23T22:37:41+00:00,M01,simulado,69.7,2.4,6.3,3512.0,34.1,26.8,,0
2026-09-23T22:37:51+00:00,M01,simulado,69.7,2.4,6.4,3506.0,35.0,29.0,,0
2026-09-23T22:38:01+00:00,M01,simulado,69.8,2.4,6.3,3497.0,34.1,28.3,,0
2026-09-23T22:38:11+00:00,M01,simulado,69.8,2.2,6.6,3507.0,33.6,27.9,,0
2026-09-23T22:38:21+00:00,M01,simulado,69.7,2.0,6.9,3517.0,34.6,27.9,,0
2026-09-23T22:38:31+00:00,M01,simulado,69.9,2.0,6.6,3540.0,34.3,26.6,,0
2026-09-23T22:38:41+00:00,M01,simulado,69.8,1.9,6.4,3533.0,35.0,28.0,,0
2026-09-23T22:38:51+00:00,M01,simulado,69.9,1.9,6.7,3551.0,35.7,27.3,,0
2026-09-23T22:39:01+00:00,M01,simulado,69.9,1.9,6.5,3565.0,35.9,27.4,,0
2026-09-23T22:39:11+00:00,M01,simulado,69.9,1.9,6.4,3552.0,35.3,27.6,,0
2026-09-23T22:39:21+00:00,M01,simulado,70.0,1.7,6.1,3577.0,36.2,29.0,,0
2026-09-23T22:39:31+00:00,M01,simulado,70.1,1.7,6.3,3580.0,36.0,28.4,,0
2026-09-23T22:39:41+00:00,M01,simulado,70.0,1.4,6.1,3558.0,36.9,27.5,,0
2026-09-23T22:39:51+00:00,M01,simulado,70.2,1.4,6.1,3556.0,37.3,29.7,,0
2026-09-23T22:40:01+00:00,M01,simulado,70.0,1.2,6.0,3534.0,36.8,29.7,,0
2026-09-23T22:40:11+00:00,M01,simulado,69.9,1.0,6.0,3527.0,36.0,29.5,,0
2026-09-23T22:40:21+00:00,M01,simulado,70.0,1.0,6.2,3535.0,35.3,27.6,,0
2026-09-23T22:40:31+00:00,M01,simulado,69.8,1.0,6.2,3546.0,34.5,29.3,,0
2026-09-23T22:40:41+00:00,M01,simulado,70.0,1.2,6.1,3524.0,34.3,28.2,,0
2026-09-23T22:40:51+00:00,M01,simulado,70.1,1.3,6.4,3544.0,33.9,29.4,,0
2026-09-23T22:41:01+00:00,M01,simulado,70.1,1.2,6.2,3541.0,33.9,26.7,,0
2026-09-23T22:41:11+00:00,M01,simulado,70.1,1.4,6.0,3551.0,34.2,30.6,,0
2026-09-23T22:41:21+00:00,M01,simulado,70.0,1.6,6.0,3549.0,33.4,29.4,,0
2026-09-23T22:41:31+00:00,M01,simulado,70.0,1.3,6.0,3571.0,32.5,27.1,,0
2026-09-23T22:41:41+00:00,M01,simulado,70.1,1.3,6.1,3564.0,33.0,29.1,,0
2026-09-23T22:41:51+00:00,M01,simulado,70.0,1.4,6.0,3551.0,32.7,30.1,,0
2026-09-23T22:42:01+00:00,M01,simulado,69.9,1.5,6.0,3553.0,32.3,27.7,,0
2026-09-23T22:42:11+00:00,M01,simulado,69.8,1.5,6.0,3540.0,33.0,27.0,,0
2026-09-23T22:42:21+00:00,M01,simulado,70.0,1.6,6.0,3537.0,32.9,28.1,,0
2026-09-23T22:42:31+00:00,M01,simulado,70.1,1.8,6.0,3550.0,33.7,27.3,,0
2026-09-23T22:42:41+00:00,M01,simulado,70.2,2.0,6.0,3554.0,34.7,29.7,,0
2026-09-23T22:42:51+00:00,M01,simulado,70.2,2.1,6.2,3554.0,34.3,28.4,,0
2026-09-23T22:43:01+00:00,M01,simulado,70.3,2.2,6.2,3576.0,34.6,27.9,,0
2026-09-23T22:43:11+00:00,M01,simulado,70.1,2.3,6.2,3570.0,35.2,27.7,,0
2026-09-23T22:43:21+00:00,M01,simulado,70.2,2.5,6.5,3580.0,34.3,27.9,,0
2026-09-23T22:43:31+00:00,M01,simulado,70.0,2.4,6.5,3562.0,34.7,29.3,,0
2026-09-23T22:43:41+00:00,M01,simulado,69.9,2.6,6.8,3563.0,34.3,28.1,,0
2026-09-23T22:43:51+00:00,M01,simulado,70.1,2.5,6.9,3574.0,33.9,27.2,,0
2026-09-23T22:44:01+00:00,M01,simulado,69.9,2.6,7.0,3558.0,34.6,30.0,,0
2026-09-23T22:44:11+00:00,M01,simulado,69.7,2.6,7.2,3570.0,35.4,27.0,,0
2026-09-23T22:44:21+00:00,M01,simulado,70.0,2.4,7.1,3570.0,35.9,30.4,,0
2026-09-23T22:44:31+00:00,M01,simulado,70.0,2.2,6.9,3558.0,35.6,28.6,,0
2026-09-23T22:44:41+00:00,M01,simulado,70.1,2.0,6.7,3539.0,36.6,29.3,,0
2026-09-23T22:44:51+00:00,M01,simulado,70.1,2.1,6.5,3528.0,35.6,27.6,,0
2026-09-23T22:45:01+00:00,M01,simulado,70.1,1.9,6.2,3508.0,36.3,29.2,,0
2026-09-23T22:45:11+00:00,M01,simulado,70.2,1.7,6.5,3493.0,36.8,29.6,,0
2026-09-23T22:45:21+00:00,M01,simulado,70.1,1.8,6.7,3517.0,36.8,30.4,,0
2026-09-23T22:45:31+00:00,M01,simulado,70.2,1.8,6.5,3528.0,36.2,28.1,,0
2026-09-23T22:45:41+00:00,M01,simulado,70.0,1.6,6.8,3545.0,36.8,29.4,,0
2026-09-23T22:45:51+00:00,M01,simulado,69.8,1.4,6.7,3536.0,37.2,28.6,,0
2026-09-23T22:46:01+00:00,M01,simulado,70.0,1.4,6.8,3540.0,36.5,29.3,,0
2026-09-23T22:46:11+00:00,M01,simulado,70.2,1.3,6.9,3515.0,37.3,29.9,,0
2026-09-23T22:46:21+00:00,M01,simulado,70.0,1.2,7.0,3499.0,36.4,29.8,,0
2026-09-23T22:46:31+00:00,M01,simulado,69.9,1.4,6.8,3480.0,36.1,27.3,,0
2026-09-23T22:46:41+00:00,M01,simulado,69.8,1.6,6.8,3483.0,35.4,27.2,,0
2026-09-23T22:46:51+00:00,M01,simulado,70.1,1.7,6.7,3506.0,35.1,27.4,,0
2026-09-23T22:47:01+00:00,M01,simulado,70.1,1.7,6.4,3498.0,34.6,29.9,,0
2026-09-23T22:47:11+00:00,M01,simulado,70.1,1.5,6.7,3514.0,35.0,30.5,,0
2026-09-23T22:47:21+00:00,M01,simulado,69.9,1.4,6.9,3500.0,35.1,27.8,,0
2026-09-23T22:47:31+00:00,M01,simulado,69.9,1.4,6.9,3498.0,35.3,28.4,,0
2026-09-23T22:47:41+00:00,M01,simulado,69.8,1.3,6.9,3523.0,36.1,27.7,,0
2026-09-23T22:47:51+00:00,M01,simulado,69.7,1.4,7.0,3507.0,35.5,27.1,,0
2026-09-23T22:48:01+00:00,M01,simulado,69.9,1.2,6.8,3498.0,35.8,26.9,,0
2026-09-23T22:48:11+00:00,M01,simulado,70.1,1.1,6.8,3480.0,36.8,29.3,,0
2026-09-23T22:48:21+00:00,M01,simulado,70.2,1.0,6.6,3499.0,35.8,28.3,,0
2026-09-23T22:48:31+00:00,M01,simulado,70.0,1.0,6.3,3519.0,35.1,27.5,,0
2026-09-23T22:48:41+00:00,M01,simulado,69.8,1.0,6.2,3527.0,35.0,30.5,,0
2026-09-23T22:48:51+00:00,M01,simulado,70.0,1.0,6.1,3506.0,35.2,29.6,,0
2026-09-23T22:49:01+00:00,M01,simulado,70.1,1.0,6.2,3496.0,34.3,29.0,,0
2026-09-23T22:49:11+00:00,M01,simulado,70.0,1.0,6.1,3487.0,34.2,27.5,,0
2026-09-23T22:49:21+00:00,M01,simulado,70.0,1.0,6.2,3468.0,34.9,30.2,,0
2026-09-23T22:49:31+00:00,M01,simulado,69.9,1.0,6.3,3448.0,34.4,29.0,,0
2026-09-23T22:49:41+00:00,M01,simulado,69.8,1.0,6.2,3450.0,34.2,29.9,,0
2026-09-23T22:49:51+00:00,M01,simulado,69.7,1.0,6.5,3438.0,34.6,28.0,,0
2026-09-23T22:50:01+00:00,M01,simulado,69.7,1.1,6.3,3442.0,35.3,30.2,,0
2026-09-23T22:50:11+00:00,M01,simulado,69.7,1.0,6.2,3463.0,35.1,29.2,,0
2026-09-23T22:50:21+00:00,M01,simulado,69.7,1.0,6.1,3441.0,35.8,27.2,,0
2026-09-23T22:50:31+00:00,M01,simulado,69.6,1.0,6.1,3439.0,35.8,28.9,,0
2026-09-23T22:50:41+00:00,M01,simulado,69.5,1.1,6.0,3456.0,36.8,30.4,,0
2026-09-23T22:50:51+00:00,M01,simulado,69.6,1.3,6.0,3459.0,37.3,30.4,,0
2026-09-23T22:51:01+00:00,M01,simulado,69.9,1.5,6.0,3450.0,37.3,29.0,,0
2026-09-23T22:51:11+00:00,M01,simulado,69.7,1.5,6.0,3436.0,37.3,30.0,,0
2026-09-23T22:51:21+00:00,M01,simulado,69.7,1.3,6.1,3443.0,37.2,28.3,,0
2026-09-23T22:51:31+00:00,M01,simulado,69.9,1.2,6.0,3431.0,36.8,30.5,,0
2026-09-23T22:51:41+00:00,M01,simulado,69.8,1.2,6.0,3425.0,37.5,30.7,,0
2026-09-23T22:51:51+00:00,M01,simulado,70.0,1.0,6.3,3429.0,38.0,30.1,,0
2026-09-23T22:52:01+00:00,M01,simulado,69.9,1.0,6.1,3420.0,37.4,29.5,,0
2026-09-23T22:52:11+00:00,M01,simulado,69.8,1.0,6.0,3442.0,38.0,29.6,,0
2026-09-23T22:52:21+00:00,M01,simulado,69.8,1.0,6.2,3456.0,37.4,29.0,,0
2026-09-23T22:52:31+00:00,M01,simulado,69.6,1.0,6.0,3463.0,37.9,30.5,,0
2026-09-23T22:52:41+00:00,M01,simulado,69.6,1.1,6.0,3457.0,37.9,28.2,,0
2026-09-23T22:52:51+00:00,M01,simulado,69.7,1.0,6.1,3480.0,37.8,29.3,,0
2026-09-23T22:53:01+00:00,M01,simulado,69.9,1.1,6.1,3463.0,37.1,27.5,,0
2026-09-23T22:53:11+00:00,M01,simulado,69.9,1.3,6.4,3464.0,36.4,29.2,,0
2026-09-23T22:53:21+00:00,M01,simulado,70.0,1.4,6.3,3461.0,36.9,29.2,,0
2026-09-23T22:53:31+00:00,M01,simulado,69.9,1.2,6.5,3476.0,36.6,27.3,,0
2026-09-23T22:53:41+00:00,M01,simulado,69.8,1.1,6.6,3454.0,36.8,30.4,,0
2026-09-23T22:53:51+00:00,M01,simulado,69.9,1.2,6.9,3447.0,37.8,28.2,,0
2026-09-23T22:54:01+00:00,M01,simulado,69.9,1.0,6.7,3472.0,38.0,28.3,,0
2026-09-23T22:54:11+00:00,M01,simulado,69.8,1.0,6.7,3460.0,38.0,28.8,,0
2026-09-23T22:54:21+00:00,M01,simulado,69.7,1.2,6.5,3449.0,38.0,29.4,,0
2026-09-23T22:54:31+00:00,M01,simulado,69.7,1.3,6.6,3431.0,37.4,30.7,,0
2026-09-23T22:54:41+00:00,M01,simulado,69.6,1.3,6.9,3453.0,38.0,28.4,,0
2026-09-23T22:54:51+00:00,M01,simulado,69.5,1.1,6.7,3445.0,38.0,30.8,,0
2026-09-23T22:55:01+00:00,M01,simulado,69.5,1.0,6.8,3458.0,37.7,28.0,,0
2026-09-23T22:55:11+00:00,M01,simulado,69.6,1.0,6.6,3449.0,37.8,29.7,,0
2026-09-23T22:55:21+00:00,M01,simulado,69.8,1.0,6.7,3437.0,38.0,30.3,,0
2026-09-23T22:55:31+00:00,M01,simulado,69.6,1.0,6.7,3425.0,38.0,27.1,,0
2026-09-23T22:55:41+00:00,M01,simulado,69.8,1.2,7.0,3420.0,37.7,27.8,,0
2026-09-23T22:55:51+00:00,M01,simulado,69.7,1.0,7.0,3424.0,37.1,28.2,,0
2026-09-23T22:56:01+00:00,M01,simulado,69.9,1.2,7.3,3428.0,38.0,28.8,,0
2026-09-23T22:56:11+00:00,M01,simulado,69.8,1.0,7.1,3420.0,37.3,28.4,,0
2026-09-23T22:56:21+00:00,M01,simulado,69.9,1.2,7.2,3420.0,36.7,29.4,,0
2026-09-23T22:56:31+00:00,M01,simulado,70.0,1.2,7.0,3420.0,36.0,29.8,,0
2026-09-23T22:56:41+00:00,M01,simulado,69.8,1.1,6.9,3420.0,36.1,28.8,,0
2026-09-23T22:56:51+00:00,M01,simulado,69.9,1.3,6.6,3420.0,36.7,28.6,,0
2026-09-23T22:57:01+00:00,M01,simulado,70.0,1.3,6.9,3420.0,36.8,27.3,,0
2026-09-23T22:57:11+00:00,M01,simulado,69.9,1.5,6.6,3424.0,36.5,30.8,,0
2026-09-23T22:57:21+00:00,M01,simulado,69.9,1.6,6.6,3432.0,36.7,26.9,,0
2026-09-23T22:57:31+00:00,M01,simulado,69.9,1.4,6.6,3420.0,37.6,29.1,,0
2026-09-23T22:57:41+00:00,M01,simulado,69.8,1.5,6.6,3420.0,36.9,28.4,,0
2026-09-23T22:57:51+00:00,M01,simulado,69.8,1.4,6.8,3442.0,37.8,28.1,,0
2026-09-23T22:58:01+00:00,M01,simulado,69.9,1.6,6.7,3462.0,37.6,27.8,,0
2026-09-23T22:58:11+00:00,M01,simulado,69.8,1.4,6.5,3463.0,36.7,29.1,,0
2026-09-23T22:58:21+00:00,M01,simulado,69.7,1.2,6.3,3488.0,36.1,27.6,,0
2026-09-23T22:58:31+00:00,M01,simulado,69.8,1.1,6.1,3493.0,35.3,27.3,,0
2026-09-23T22:58:41+00:00,M01,simulado,69.6,1.0,6.3,3483.0,35.4,27.2,,0
2026-09-23T22:58:51+00:00,M01,simulado,69.8,1.0,6.3,3488.0,35.7,28.6,,0
2026-09-23T22:59:01+00:00,M01,simulado,69.8,1.0,6.2,3474.0,36.6,29.7,,0
2026-09-23T22:59:11+00:00,M01,simulado,69.6,1.0,6.0,3489.0,37.1,27.2,,0
2026-09-23T22:59:21+00:00,M01,simulado,69.6,1.0,6.0,3481.0,36.9,30.1,,0
2026-09-23T22:59:31+00:00,M01,simulado,69.8,1.0,6.0,3501.0,37.8,27.4,,0
2026-09-23T22:59:41+00:00,M01,simulado,69.7,1.0,6.1,3497.0,38.0,27.7,,0
2026-09-23T22:59:51+00:00,M01,simulado,69.7,1.2,6.4,3474.0,37.9,29.5,,0
2026-09-23T23:00:01+00:00,M01,simulado,69.8,1.3,6.2,3492.0,38.0,28.5,,0
2026-09-23T23:00:11+00:00,M01,simulado,69.8,1.2,6.5,3510.0,37.4,29.5,,0
2026-09-23T23:00:21+00:00,M01,simulado,69.8,1.2,6.6,3534.0,37.1,28.6,,0
2026-09-23T23:00:31+00:00,M01,simulado,69.7,1.4,6.5,3551.0,37.5,28.0,,0
2026-09-23T23:00:41+00:00,M01,simulado,69.9,1.3,6.4,3546.0,36.5,29.2,,0
2026-09-23T23:00:51+00:00,M01,simulado,69.9,1.1,6.4,3531.0,36.0,27.7,,0
2026-09-23T23:01:01+00:00,M01,simulado,69.9,1.0,6.3,3513.0,36.0,29.4,,0
2026-09-23T23:01:11+00:00,M01,simulado,69.7,1.0,6.0,3497.0,36.4,27.8,,0
2026-09-23T23:01:21+00:00,M01,simulado,69.7,1.1,6.1,3485.0,35.9,27.6,,0
2026-09-23T23:01:31+00:00,M01,simulado,69.9,1.0,6.0,3468.0,35.6,27.4,,0
2026-09-23T23:01:41+00:00,M01,simulado,69.7,1.1,6.3,3468.0,35.2,27.0,,0
2026-09-23T23:01:51+00:00,M01,simulado,69.9,1.3,6.2,3476.0,35.6,28.5,,0
2026-09-23T23:02:01+00:00,M01,simulado,69.8,1.1,6.0,3483.0,36.6,30.4,,0
2026-09-23T23:02:11+00:00,M01,simulado,69.9,1.0,6.0,3487.0,36.4,27.8,,0
2026-09-23T23:02:21+00:00,M01,simulado,70.0,1.1,6.0,3493.0,36.9,29.5,,0
2026-09-23T23:02:31+00:00,M01,simulado,69.9,1.0,6.1,3505.0,36.9,29.2,,0
2026-09-23T23:02:41+00:00,M01,simulado,69.7,1.0,6.2,3528.0,37.0,27.3,,0
2026-09-23T23:02:51+00:00,M01,simulado,69.8,1.1,6.2,3525.0,37.1,27.3,,0
2026-09-23T23:03:01+00:00,M01,simulado,69.8,1.0,6.1,3504.0,36.6,27.6,,0
2026-09-23T23:03:11+00:00,M01,simulado,70.0,1.0,6.0,3491.0,37.0,29.8,,0
2026-09-23T23:03:21+00:00,M01,simulado,69.8,1.0,6.0,3490.0,36.0,29.7,,0
2026-09-23T23:03:31+00:00,M01,simulado,69.6,1.0,6.1,3498.0,36.9,28.0,,0
2026-09-23T23:03:41+00:00,M01,simulado,69.5,1.0,6.2,3506.0,37.7,27.8,,0
2026-09-23T23:03:51+00:00,M01,simulado,69.8,1.0,6.0,3499.0,37.8,28.2,,0
2026-09-23T23:04:01+00:00,M01,simulado,69.9,1.0,6.0,3496.0,37.9,30.1,,0
2026-09-23T23:04:11+00:00,M01,simulado,69.7,1.0,6.3,3490.0,37.5,27.0,,0
2026-09-23T23:04:21+00:00,M01,simulado,69.7,1.0,6.3,3489.0,38.0,29.0,,0
2026-09-23T23:04:31+00:00,M01,simulado,69.6,1.0,6.0,3479.0,38.0,28.8,,0
2026-09-23T23:04:41+00:00,M01,simulado,69.7,1.0,6.3,3462.0,37.3,27.0,,0
2026-09-23T23:04:51+00:00,M01,simulado,69.5,1.0,6.5,3479.0,37.8,29.6,,0
2026-09-23T23:05:01+00:00,M01,simulado,69.8,1.2,6.7,3499.0,38.0,28.7,,0
2026-09-23T23:05:11+00:00,M01,simulado,69.8,1.3,6.4,3512.0,37.6,28.1,,0
2026-09-23T23:05:21+00:00,M01,simulado,69.9,1.5,6.5,3527.0,37.0,30.9,,0
2026-09-23T23:05:31+00:00,M01,simulado,69.7,1.6,6.6,3527.0,36.4,29.9,,0
2026-09-23T23:05:41+00:00,M01,simulado,69.6,1.7,6.6,3549.0,36.7,28.6,,0
2026-09-23T23:05:51+00:00,M01,simulado,69.7,1.5,6.6,3544.0,35.7,29.4,,0
2026-09-23T23:06:01+00:00,M01,simulado,69.5,1.8,6.3,3550.0,35.6,27.1,,0
2026-09-23T23:06:11+00:00,M01,simulado,69.6,1.9,6.5,3566.0,34.9,29.0,,0
2026-09-23T23:06:21+00:00,M01,simulado,69.5,1.8,6.6,3568.0,35.8,27.6,,0
2026-09-23T23:06:31+00:00,M01,simulado,69.5,1.7,6.9,3561.0,36.0,31.0,,0
2026-09-23T23:06:41+00:00,M01,simulado,69.6,1.9,7.0,3578.0,35.1,27.1,,0
2026-09-23T23:06:51+00:00,M01,simulado,69.6,1.8,6.9,3562.0,35.4,27.7,,0
2026-09-23T23:07:01+00:00,M01,simulado,69.8,1.6,6.9,3542.0,36.0,28.9,,0
2026-09-23T23:07:11+00:00,M01,simulado,69.8,1.3,6.9,3555.0,36.4,28.0,,0
2026-09-23T23:07:21+00:00,M01,simulado,70.0,1.5,6.8,3537.0,36.9,29.9,,0
2026-09-23T23:07:31+00:00,M01,simulado,69.7,1.7,6.7,3560.0,37.8,28.1,,0
2026-09-23T23:07:41+00:00,M01,simulado,69.5,1.7,6.7,3558.0,37.7,30.2,,0
2026-09-23T23:07:51+00:00,M01,simulado,69.6,1.8,6.8,3550.0,37.2,29.7,,0
2026-09-23T23:08:01+00:00,M01,simulado,69.8,1.6,7.0,3526.0,36.8,27.6,,0
2026-09-23T23:08:11+00:00,M01,simulado,69.6,1.8,7.3,3542.0,37.3,30.0,,0
2026-09-23T23:08:21+00:00,M01,simulado,69.6,1.9,7.4,3538.0,36.5,27.1,,0
2026-09-23T23:08:31+00:00,M01,simulado,69.7,2.0,7.4,3521.0,37.1,30.3,,0
2026-09-23T23:08:41+00:00,M01,simulado,69.7,1.8,7.1,3496.0,38.0,29.6,,0
2026-09-23T23:08:51+00:00,M01,simulado,69.7,2.0,6.9,3500.0,37.2,30.6,,0
2026-09-23T23:09:01+00:00,M01,simulado,69.8,2.2,6.9,3522.0,37.8,29.5,,0
2026-09-23T23:09:11+00:00,M01,simulado,69.6,2.4,6.7,3527.0,38.0,31.0,,0
2026-09-23T23:09:21+00:00,M01,simulado,69.8,2.4,6.8,3522.0,37.5,29.8,,0
2026-09-23T23:09:31+00:00,M01,simulado,69.8,2.6,7.0,3504.0,38.0,29.3,,0
2026-09-23T23:09:41+00:00,M01,simulado,69.7,2.7,6.8,3480.0,37.7,28.2,,0
2026-09-23T23:09:51+00:00,M01,simulado,69.7,2.6,6.6,3497.0,37.8,29.8,,0
2026-09-23T23:10:01+00:00,M01,simulado,69.5,2.6,6.7,3516.0,38.0,28.0,,0
2026-09-23T23:10:11+00:00,M01,simulado,69.6,2.7,6.9,3530.0,37.8,28.5,,0
2026-09-23T23:10:21+00:00,M01,simulado,69.5,2.5,7.1,3533.0,38.0,30.1,,0
2026-09-23T23:10:31+00:00,M01,simulado,69.6,2.4,7.1,3548.0,38.0,27.6,,0
2026-09-23T23:10:41+00:00,M01,simulado,69.7,2.5,7.1,3548.0,38.0,31.0,,0
2026-09-23T23:10:51+00:00,M01,simulado,69.5,2.5,7.0,3567.0,38.0,29.0,,0
2026-09-23T23:11:01+00:00,M01,simulado,69.6,2.3,6.8,3573.0,38.0,28.5,,0
2026-09-23T23:11:11+00:00,M01,simulado,69.8,2.5,6.6,3562.0,37.2,27.6,,0
2026-09-23T23:11:21+00:00,M01,simulado,70.0,2.7,6.7,3555.0,38.0,30.0,,0
2026-09-23T23:11:31+00:00,M01,simulado,69.9,2.6,6.8,3559.0,38.0,28.7,,0
2026-09-23T23:11:41+00:00,M01,simulado,69.8,2.8,7.1,3542.0,37.1,27.4,,0
2026-09-23T23:11:51+00:00,M01,simulado,69.7,2.8,7.2,3529.0,37.6,28.9,,0
2026-09-23T23:12:01+00:00,M01,simulado,69.5,2.8,7.4,3539.0,37.1,30.2,,0
2026-09-23T23:12:11+00:00,M01,simulado,69.4,2.9,7.3,3555.0,36.9,30.1,,0
2026-09-23T23:12:21+00:00,M01,simulado,69.6,2.7,7.5,3557.0,37.7,30.8,,0
2026-09-23T23:12:31+00:00,M01,simulado,69.6,2.5,7.6,3578.0,37.3,28.0,,0
2026-09-23T23:12:41+00:00,M01,simulado,69.5,2.4,7.7,3574.0,36.4,27.4,,0
2026-09-23T23:12:51+00:00,M01,simulado,69.3,2.5,7.8,3571.0,36.3,29.9,,0
2026-09-23T23:13:01+00:00,M01,simulado,69.5,2.5,7.6,3554.0,36.7,28.6,,0
2026-09-23T23:13:11+00:00,M01,simulado,69.7,2.4,7.7,3574.0,35.9,30.4,,0
2026-09-23T23:13:21+00:00,M01,simulado,69.7,2.4,7.8,3580.0,36.6,28.2,,0
2026-09-23T23:13:31+00:00,M01,simulado,69.5,2.6,8.0,3580.0,37.3,29.2,,0
2026-09-23T23:13:41+00:00,M01,simulado,69.8,2.7,8.1,3580.0,36.7,27.2,,0
2026-09-23T23:13:51+00:00,M01,simulado,69.9,2.6,8.1,3575.0,37.0,30.0,,0
2026-09-23T23:14:01+00:00,M01,simulado,69.7,2.6,8.1,3580.0,36.5,30.3,,0
2026-09-23T23:14:11+00:00,M01,simulado,69.6,2.8,7.9,3575.0,36.4,27.9,,0
2026-09-23T23:14:21+00:00,M01,simulado,69.8,2.7,8.1,3552.0,35.7,29.5,,0
2026-09-23T23:14:31+00:00,M01,simulado,70.0,2.8,7.9,3549.0,35.3,29.4,,0
2026-09-23T23:14:41+00:00,M01,simulado,70.0,2.9,8.1,3573.0,35.6,29.4,,0
2026-09-23T23:14:51+00:00,M01,simulado,69.9,2.9,7.9,3556.0,35.4,30.2,,0
2026-09-23T23:15:01+00:00,M01,simulado,70.0,2.7,8.1,3580.0,35.6,29.6,,0
2026-09-23T23:15:11+00:00,M01,simulado,70.1,2.9,8.0,3580.0,35.9,30.1,,0
2026-09-23T23:15:21+00:00,M01,simulado,70.0,3.0,7.9,3580.0,35.2,29.1,,0
2026-09-23T23:15:31+00:00,M01,simulado,69.9,2.8,8.0,3580.0,34.3,27.2,,0
2026-09-23T23:15:41+00:00,M01,simulado,69.6,3.0,7.9,3577.0,33.9,27.5,,0
2026-09-23T23:15:51+00:00,M01,simulado,69.6,3.1,7.7,3580.0,34.0,28.8,,0
2026-09-23T23:16:01+00:00,M01,simulado,69.4,3.0,7.8,3561.0,33.5,28.0,,0
2026-09-23T23:16:11+00:00,M01,simulado,69.3,3.2,8.1,3536.0,33.3,30.1,,0
2026-09-23T23:16:21+00:00,M01,simulado,69.5,3.1,8.2,3552.0,34.2,27.3,,0
2026-09-23T23:16:31+00:00,M01,simulado,69.4,3.0,8.3,3563.0,35.1,29.8,,0
2026-09-23T23:16:41+00:00,M01,simulado,69.6,3.1,8.4,3571.0,34.2,27.4,,0
2026-09-23T23:16:51+00:00,M01,simulado,69.6,2.9,8.5,3560.0,33.7,29.1,,0
2026-09-23T23:17:01+00:00,M01,simulado,69.6,2.9,8.7,3556.0,33.3,29.8,,0
2026-09-23T23:17:11+00:00,M01,simulado,69.5,2.8,8.5,3546.0,34.0,29.2,,0
2026-09-23T23:17:21+00:00,M01,simulado,69.6,2.9,8.6,3551.0,33.8,29.1,,0
2026-09-23T23:17:31+00:00,M01,simulado,69.7,3.0,8.9,3573.0,34.8,27.3,,0
2026-09-23T23:17:41+00:00,M01,simulado,69.8,3.1,8.9,3554.0,35.3,29.5,,0
2026-09-23T23:17:51+00:00,M01,simulado,69.9,3.0,8.9,3568.0,36.2,29.5,,0
2026-09-23T23:18:01+00:00,M01,simulado,69.9,2.8,8.8,3543.0,35.9,28.9,,0
2026-09-23T23:18:11+00:00,M01,simulado,69.7,3.0,8.9,3533.0,35.7,27.8,,0
2026-09-23T23:18:21+00:00,M01,simulado,69.6,3.1,8.7,3509.0,36.2,29.3,,0
2026-09-23T23:18:31+00:00,M01,simulado,69.6,3.3,8.6,3485.0,37.0,30.0,,0
2026-09-23T23:18:41+00:00,M01,simulado,69.5,3.2,8.3,3502.0,37.7,30.4,,0
2026-09-23T23:18:51+00:00,M01,simulado,69.3,3.3,8.2,3482.0,38.0,28.7,,0
2026-09-23T23:19:01+00:00,M01,simulado,69.6,3.1,8.0,3492.0,38.0,29.6,,0
2026-09-23T23:19:11+00:00,M01,simulado,69.5,3.0,7.9,3515.0,38.0,29.3,,0
2026-09-23T23:19:21+00:00,M01,simulado,69.5,3.0,7.6,3510.0,38.0,28.9,,0
2026-09-23T23:19:31+00:00,M01,simulado,69.4,3.0,7.7,3501.0,37.6,29.3,,0
2026-09-23T23:19:41+00:00,M01,simulado,69.5,3.1,7.5,3476.0,37.4,28.2,,0
2026-09-23T23:19:51+00:00,M01,simulado,69.5,2.9,7.3,3499.0,36.7,27.7,,0
2026-09-23T23:20:01+00:00,M01,simulado,69.6,3.0,7.2,3478.0,36.6,29.0,,0
2026-09-23T23:20:11+00:00,M01,simulado,69.5,3.1,7.3,3463.0,35.9,29.8,,0
2026-09-23T23:20:21+00:00,M01,simulado,69.4,3.3,7.1,3465.0,35.6,30.8,,0
2026-09-23T23:20:31+00:00,M01,simulado,69.4,3.4,7.3,3477.0,36.1,27.3,,0
2026-09-23T23:20:41+00:00,M01,simulado,69.6,3.2,7.5,3473.0,36.1,29.6,,0
2026-09-23T23:20:51+00:00,M01,simulado,69.7,3.2,7.4,3473.0,36.1,29.1,,0
2026-09-23T23:21:01+00:00,M01,simulado,69.7,2.9,7.4,3465.0,36.2,29.1,,0
2026-09-23T23:21:11+00:00,M01,simulado,69.8,2.8,7.7,3465.0,35.8,29.7,,0
2026-09-23T23:21:21+00:00,M01,simulado,69.7,2.8,8.0,3445.0,35.3,27.8,,0
2026-09-23T23:21:31+00:00,M01,simulado,69.5,2.8,8.2,3425.0,35.7,28.2,,0
2026-09-23T23:21:41+00:00,M01,simulado,69.4,2.9,8.1,3421.0,36.3,27.6,,0
2026-09-23T23:21:51+00:00,M01,simulado,69.5,3.2,7.9,3420.0,36.5,28.1,,0
2026-09-23T23:22:01+00:00,M01,simulado,69.6,3.0,8.2,3442.0,36.0,31.0,,0
2026-09-23T23:22:11+00:00,M01,simulado,69.7,3.1,8.1,3429.0,36.6,29.9,,0
2026-09-23T23:22:21+00:00,M01,simulado,69.7,3.0,8.0,3428.0,37.1,30.6,,0
2026-09-23T23:22:31+00:00,M01,simulado,69.8,3.1,7.9,3420.0,38.0,30.9,,0
2026-09-23T23:22:41+00:00,M01,simulado,69.9,3.2,7.7,3420.0,38.0,30.2,,0
2026-09-23T23:22:51+00:00,M01,simulado,70.0,3.1,7.8,3420.0,38.0,31.0,,0
2026-09-23T23:23:01+00:00,M01,simulado,70.1,2.9,7.7,3420.0,38.0,30.1,,0
2026-09-23T23:23:11+00:00,M01,simulado,69.9,3.1,7.6,3430.0,38.0,27.3,,0
2026-09-23T23:23:21+00:00,M01,simulado,69.7,3.2,7.4,3439.0,38.0,28.3,,0
2026-09-23T23:23:31+00:00,M01,simulado,69.8,3.2,7.6,3443.0,38.0,30.4,,0
2026-09-23T23:23:41+00:00,M01,simulado,69.7,3.4,7.5,3436.0,37.4,30.1,,0
2026-09-23T23:23:51+00:00,M01,simulado,69.5,3.4,7.7,3420.0,37.0,30.9,,0
2026-09-23T23:24:01+00:00,M01,simulado,69.6,3.3,7.5,3424.0,37.6,28.7,,0
2026-09-23T23:24:11+00:00,M01,simulado,69.7,3.2,7.5,3435.0,37.9,30.0,,0
2026-09-23T23:24:21+00:00,M01,simulado,69.6,3.2,7.4,3420.0,37.9,30.3,,0
2026-09-23T23:24:31+00:00,M01,simulado,69.8,3.2,7.5,3420.0,38.0,30.1,,0
2026-09-23T23:24:41+00:00,M01,simulado,69.8,3.3,7.2,3420.0,38.0,30.8,,0
2026-09-23T23:24:51+00:00,M01,simulado,69.9,3.4,7.5,3420.0,37.7,30.7,,0
2026-09-23T23:25:01+00:00,M01,simulado,69.6,3.4,7.5,3420.0,37.6,29.9,,0
2026-09-23T23:25:11+00:00,M01,simulado,69.8,3.4,7.7,3439.0,38.0,27.7,,0
2026-09-23T23:25:21+00:00,M01,simulado,69.5,3.3,7.4,3423.0,38.0,28.1,,0
2026-09-23T23:25:31+00:00,M01,simulado,69.5,3.1,7.5,3422.0,37.3,30.8,,0
2026-09-23T23:25:41+00:00,M01,simulado,69.3,3.3,7.3,3422.0,38.0,27.8,,0
2026-09-23T23:25:51+00:00,M01,simulado,69.5,3.3,7.3,3420.0,38.0,30.5,,0
2026-09-23T23:26:01+00:00,M01,simulado,69.4,3.1,7.2,3443.0,38.0,28.6,,0
2026-09-23T23:26:11+00:00,M01,simulado,69.6,3.1,7.0,3457.0,37.2,31.1,,0
2026-09-23T23:26:21+00:00,M01,simulado,69.4,3.2,7.2,3449.0,37.1,28.6,,0
2026-09-23T23:26:31+00:00,M01,simulado,69.4,3.3,7.1,3464.0,37.4,29.7,,0
2026-09-23T23:26:41+00:00,M01,simulado,69.3,3.3,7.4,3477.0,37.3,28.8,,0
2026-09-23T23:26:51+00:00,M01,simulado,69.5,3.1,7.3,3500.0,37.5,28.4,,0
2026-09-23T23:27:01+00:00,M01,simulado,69.6,3.0,7.4,3492.0,37.7,30.3,,0
2026-09-23T23:27:11+00:00,M01,simulado,69.4,2.9,7.3,3508.0,37.7,28.0,,0
2026-09-23T23:27:21+00:00,M01,simulado,69.6,2.8,7.1,3527.0,37.0,30.8,,0
2026-09-23T23:27:31+00:00,M01,simulado,69.5,2.9,7.0,3547.0,36.3,27.6,,0
2026-09-23T23:27:41+00:00,M01,simulado,69.7,2.8,7.2,3543.0,36.1,31.1,,0
2026-09-23T23:27:51+00:00,M01,simulado,69.7,3.0,7.3,3543.0,35.3,30.7,,0
2026-09-23T23:28:01+00:00,M01,simulado,69.6,3.0,7.3,3528.0,35.3,29.3,,0
2026-09-23T23:28:11+00:00,M01,simulado,69.4,2.9,7.4,3553.0,36.2,30.6,,0
2026-09-23T23:28:21+00:00,M01,simulado,69.4,2.7,7.4,3546.0,36.4,29.5,,0
2026-09-23T23:28:31+00:00,M01,simulado,69.6,2.8,7.5,3561.0,35.8,27.8,,0
2026-09-23T23:28:41+00:00,M01,simulado,69.5,2.6,7.3,3539.0,35.1,28.6,,0
2026-09-23T23:28:51+00:00,M01,simulado,69.4,2.5,7.6,3536.0,35.6,28.7,,0
2026-09-23T23:29:01+00:00,M01,simulado,69.5,2.7,7.5,3523.0,35.0,27.6,,0
2026-09-23T23:29:11+00:00,M01,simulado,69.3,2.5,7.2,3521.0,34.9,29.7,,0
2026-09-23T23:29:21+00:00,M01,simulado,69.5,2.3,7.2,3544.0,34.0,30.6,,0
2026-09-23T23:29:31+00:00,M01,simulado,69.4,2.3,7.5,3536.0,33.3,29.0,,0
2026-09-23T23:29:41+00:00,M01,simulado,69.6,2.4,7.3,3520.0,33.3,28.7,,0
2026-09-23T23:29:51+00:00,M01,simulado,69.5,2.5,7.5,3523.0,33.5,31.1,,0
2026-09-23T23:30:01+00:00,M01,simulado,69.5,2.5,7.4,3521.0,34.2,27.7,,0
2026-09-23T23:30:11+00:00,M01,simulado,69.3,2.6,7.7,3505.0,34.2,30.8,,0
2026-09-23T23:30:21+00:00,M01,simulado,69.2,2.6,7.5,3502.0,34.9,29.6,,0
2026-09-23T23:30:31+00:00,M01,simulado,69.3,2.5,7.3,3514.0,34.4,29.4,,0
2026-09-23T23:30:41+00:00,M01,simulado,69.3,2.5,7.3,3499.0,34.9,27.8,,0
2026-09-23T23:30:51+00:00,M01,simulado,69.5,2.6,7.2,3503.0,34.7,30.0,,0
2026-09-23T23:31:01+00:00,M01,simulado,69.5,2.4,7.0,3528.0,33.8,29.9,,0
2026-09-23T23:31:11+00:00,M01,simulado,69.5,2.2,7.1,3512.0,34.0,30.3,,0
2026-09-23T23:31:21+00:00,M01,simulado,69.4,2.1,7.0,3503.0,34.9,28.2,,0
2026-09-23T23:31:31+00:00,M01,simulado,69.5,2.3,6.8,3496.0,34.2,31.3,,0
2026-09-23T23:31:41+00:00,M01,simulado,69.3,2.4,6.9,3476.0,33.6,28.9,,0
2026-09-23T23:31:51+00:00,M01,simulado,69.2,2.7,7.0,3493.0,33.9,31.3,,0
2026-09-23T23:32:01+00:00,M01,simulado,69.1,2.5,7.2,3514.0,33.1,28.1,,0
2026-09-23T23:32:11+00:00,M01,simulado,69.2,2.7,7.5,3506.0,33.7,31.4,,0
2026-09-23T23:32:21+00:00,M01,simulado,69.5,2.9,7.5,3509.0,34.3,30.2,,0
2026-09-23T23:32:31+00:00,M01,simulado,69.3,2.9,7.2,3528.0,34.7,31.3,,0
2026-09-23T23:32:41+00:00,M01,simulado,69.3,3.1,7.4,3528.0,35.5,29.5,,0
2026-09-23T23:32:51+00:00,M01,simulado,69.3,3.2,7.1,3511.0,35.8,28.5,,0
2026-09-23T23:33:01+00:00,M01,simulado,69.4,3.3,6.9,3532.0,36.6,28.9,,0
2026-09-23T23:33:11+00:00,M01,simulado,69.5,3.3,6.7,3545.0,36.5,28.0,,0
2026-09-23T23:33:21+00:00,M01,simulado,69.4,3.2,6.9,3564.0,35.9,28.9,,0
2026-09-23T23:33:31+00:00,M01,simulado,69.4,3.0,6.8,3565.0,35.1,28.5,,0
2026-09-23T23:33:41+00:00,M01,simulado,69.3,3.0,6.9,3569.0,35.4,30.5,,0
2026-09-23T23:33:51+00:00,M01,simulado,69.2,2.9,6.8,3570.0,34.7,29.2,,0
2026-09-23T23:34:01+00:00,M01,simulado,69.3,2.8,6.9,3574.0,34.1,28.6,,0
2026-09-23T23:34:11+00:00,M01,simulado,69.4,2.7,7.0,3575.0,33.5,28.1,,0
2026-09-23T23:34:21+00:00,M01,simulado,69.6,2.8,6.9,3557.0,34.4,28.6,,0
2026-09-23T23:34:31+00:00,M01,simulado,69.6,2.5,6.9,3534.0,34.3,28.6,,0
2026-09-23T23:34:41+00:00,M01,simulado,69.5,2.5,6.7,3552.0,34.4,28.9,,0
2026-09-23T23:34:51+00:00,M01,simulado,69.7,2.5,6.6,3535.0,34.8,30.5,,0
2026-09-23T23:35:01+00:00,M01,simulado,69.6,2.3,6.7,3559.0,34.8,28.7,,0
2026-09-23T23:35:11+00:00,M01,simulado,69.7,2.3,6.5,3579.0,34.5,31.4,,0
2026-09-23T23:35:21+00:00,M01,simulado,69.8,2.0,6.8,3575.0,33.5,28.2,,0
2026-09-23T23:35:31+00:00,M01,simulado,69.8,2.3,6.7,3580.0,33.9,29.7,,0
2026-09-23T23:35:41+00:00,M01,simulado,69.8,2.2,6.6,3580.0,33.1,31.1,,0
2026-09-23T23:35:51+00:00,M01,simulado,69.8,2.2,6.4,3572.0,33.0,29.8,,0
2026-09-23T23:36:01+00:00,M01,simulado,69.8,2.2,6.2,3551.0,33.1,31.2,,0
2026-09-23T23:36:11+00:00,M01,simulado,69.5,2.0,6.0,3530.0,33.2,31.2,,0
2026-09-23T23:36:21+00:00,M01,simulado,69.5,1.8,6.0,3553.0,33.8,29.9,,0
2026-09-23T23:36:31+00:00,M01,simulado,69.5,1.8,6.1,3543.0,33.2,30.9,,0
2026-09-23T23:36:41+00:00,M01,simulado,69.6,1.7,6.2,3565.0,33.0,31.2,,0
2026-09-23T23:36:51+00:00,M01,simulado,69.5,1.6,6.4,3559.0,33.8,31.2,,0
2026-09-23T23:37:01+00:00,M01,simulado,69.6,1.5,6.1,3538.0,33.8,29.7,,0
2026-09-23T23:37:11+00:00,M01,simulado,69.7,1.6,6.0,3552.0,34.4,30.3,,0
2026-09-23T23:37:21+00:00,M01,simulado,69.7,1.5,6.0,3540.0,33.8,30.7,,0
2026-09-23T23:37:31+00:00,M01,simulado,69.7,1.7,6.0,3552.0,34.2,29.1,,0
2026-09-23T23:37:41+00:00,M01,simulado,69.5,1.7,6.3,3528.0,33.7,28.5,,0
2026-09-23T23:37:51+00:00,M01,simulado,69.6,1.5,6.3,3531.0,32.7,27.9,,0
2026-09-23T23:38:01+00:00,M01,simulado,69.6,1.7,6.1,3545.0,32.9,27.6,,0
2026-09-23T23:38:11+00:00,M01,simulado,69.7,1.8,6.0,3545.0,32.9,28.1,,0
2026-09-23T23:38:21+00:00,M01,simulado,69.5,1.6,6.1,3564.0,32.5,30.9,,0
2026-09-23T23:38:31+00:00,M01,simulado,69.5,1.5,6.1,3570.0,32.3,30.5,,0
2026-09-23T23:38:41+00:00,M01,simulado,69.5,1.5,6.4,3564.0,31.6,27.8,,0
2026-09-23T23:38:51+00:00,M01,simulado,69.5,1.5,6.3,3546.0,31.4,30.5,,0
2026-09-23T23:39:01+00:00,M01,simulado,69.4,1.5,6.6,3525.0,30.6,31.1,,0
2026-09-23T23:39:11+00:00,M01,simulado,69.3,1.3,6.4,3543.0,31.0,28.5,,0
2026-09-23T23:39:21+00:00,M01,simulado,69.3,1.2,6.5,3549.0,32.0,31.2,,0
2026-09-23T23:39:31+00:00,M01,simulado,69.3,1.0,6.6,3561.0,31.6,27.9,,0
2026-09-23T23:39:41+00:00,M01,simulado,69.3,1.0,6.8,3547.0,31.2,30.4,,0
2026-09-23T23:39:51+00:00,M01,simulado,69.2,1.2,6.6,3528.0,30.8,28.8,,0
2026-09-23T23:40:01+00:00,M01,simulado,69.3,1.2,6.6,3547.0,30.8,29.9,,0
2026-09-23T23:40:11+00:00,M01,simulado,69.5,1.4,6.7,3553.0,30.2,30.8,,0
2026-09-23T23:40:21+00:00,M01,simulado,69.3,1.6,6.5,3574.0,30.5,28.5,,0
2026-09-23T23:40:31+00:00,M01,simulado,69.4,1.7,6.3,3580.0,29.5,30.7,,0
2026-09-23T23:40:41+00:00,M01,simulado,69.6,1.7,6.2,3580.0,29.0,30.2,,0
2026-09-23T23:40:51+00:00,M01,simulado,69.6,1.6,6.4,3580.0,29.1,28.2,,0
2026-09-23T23:41:01+00:00,M01,simulado,69.6,1.4,6.6,3562.0,28.5,28.0,,0
2026-09-23T23:41:11+00:00,M01,simulado,69.7,1.3,6.4,3580.0,28.2,29.5,,0
2026-09-23T23:41:21+00:00,M01,simulado,69.5,1.2,6.4,3580.0,27.3,28.5,,0
2026-09-23T23:41:31+00:00,M01,simulado,69.5,1.2,6.3,3560.0,26.3,28.8,,0
2026-09-23T23:41:41+00:00,M01,simulado,69.5,1.2,6.3,3580.0,25.9,28.9,,0
2026-09-23T23:41:51+00:00,M01,simulado,69.6,1.0,6.3,3576.0,25.7,28.8,,0
2026-09-23T23:42:01+00:00,M01,simulado,69.7,1.1,6.1,3580.0,25.1,28.5,,0
2026-09-23T23:42:11+00:00,M01,simulado,69.5,1.2,6.2,3568.0,26.0,27.9,,0
2026-09-23T23:42:21+00:00,M01,simulado,69.5,1.1,6.4,3561.0,27.0,30.4,,0
2026-09-23T23:42:31+00:00,M01,simulado,69.5,1.2,6.6,3576.0,26.0,28.2,,0
2026-09-23T23:42:41+00:00,M01,simulado,69.5,1.0,6.7,3551.0,25.8,30.4,,0
2026-09-23T23:42:51+00:00,M01,simulado,69.4,1.1,6.7,3574.0,25.8,31.2,,0
2026-09-23T23:43:01+00:00,M01,simulado,69.5,1.0,6.4,3572.0,25.9,28.8,,0
2026-09-23T23:43:11+00:00,M01,simulado,69.6,1.0,6.3,3575.0,25.8,30.7,,0
2026-09-23T23:43:21+00:00,M01,simulado,69.6,1.0,6.1,3553.0,26.3,30.1,,0
2026-09-23T23:43:31+00:00,M01,simulado,69.7,1.2,6.2,3544.0,26.5,29.6,,0
2026-09-23T23:43:41+00:00,M01,simulado,69.8,1.4,6.1,3534.0,26.8,31.5,,0
2026-09-23T23:43:51+00:00,M01,simulado,69.8,1.6,6.1,3553.0,26.2,31.2,,0
2026-09-23T23:44:01+00:00,M01,simulado,69.5,1.4,6.0,3557.0,26.0,28.4,,0
2026-09-23T23:44:11+00:00,M01,simulado,69.7,1.2,6.0,3552.0,25.4,27.8,,0
2026-09-23T23:44:21+00:00,M01,simulado,69.8,1.4,6.2,3567.0,25.2,30.7,,0
2026-09-23T23:44:31+00:00,M01,simulado,69.8,1.5,6.0,3580.0,25.5,28.1,,0
2026-09-23T23:44:41+00:00,M01,simulado,69.7,1.2,6.0,3568.0,26.5,29.3,,0
2026-09-23T23:44:51+00:00,M01,simulado,69.5,1.4,6.0,3547.0,27.1,27.8,,0
2026-09-23T23:45:01+00:00,M01,simulado,69.3,1.2,6.0,3553.0,26.5,28.1,,0
2026-09-23T23:45:11+00:00,M01,simulado,69.4,1.2,6.0,3576.0,26.2,31.3,,0
2026-09-23T23:45:21+00:00,M01,simulado,69.4,1.2,6.0,3568.0,25.3,28.2,,0
2026-09-23T23:45:31+00:00,M01,simulado,69.3,1.1,6.1,3569.0,25.2,31.2,,0
2026-09-23T23:45:41+00:00,M01,simulado,69.2,1.0,6.3,3568.0,26.0,30.6,,0
2026-09-23T23:45:51+00:00,M01,simulado,69.3,1.0,6.0,3566.0,25.5,31.5,,0
2026-09-23T23:46:01+00:00,M01,simulado,69.2,1.0,6.2,3580.0,25.2,31.7,,0
2026-09-23T23:46:11+00:00,M01,simulado,69.2,1.0,6.5,3580.0,24.7,28.7,,0
2026-09-23T23:46:21+00:00,M01,simulado,69.2,1.2,6.4,3560.0,24.5,29.1,,0
2026-09-23T23:46:31+00:00,M01,simulado,69.3,1.3,6.1,3547.0,24.9,29.2,,0
2026-09-23T23:46:41+00:00,M01,simulado,69.5,1.1,6.2,3566.0,24.3,30.6,,0
2026-09-23T23:46:51+00:00,M01,simulado,69.4,1.1,6.0,3547.0,24.4,30.1,,0
2026-09-23T23:47:01+00:00,M01,simulado,69.4,1.3,6.3,3566.0,24.0,31.4,,0
2026-09-23T23:47:11+00:00,M01,simulado,69.3,1.3,6.3,3551.0,24.7,30.1,,0
2026-09-23T23:47:21+00:00,M01,simulado,69.5,1.4,6.5,3527.0,25.5,30.1,,0
2026-09-23T23:47:31+00:00,M01,simulado,69.4,1.3,6.4,3545.0,24.7,29.6,,0
2026-09-23T23:47:41+00:00,M01,simulado,69.5,1.3,6.1,3555.0,25.3,30.3,,0
2026-09-23T23:47:51+00:00,M01,simulado,69.3,1.1,6.0,3533.0,24.3,31.6,,0
2026-09-23T23:48:01+00:00,M01,simulado,69.1,1.1,6.0,3546.0,25.1,27.9,,0
2026-09-23T23:48:11+00:00,M01,simulado,69.1,1.0,6.0,3536.0,25.7,29.4,,0
2026-09-23T23:48:21+00:00,M01,simulado,68.9,1.0,6.0,3533.0,26.7,28.4,,0
2026-09-23T23:48:31+00:00,M01,simulado,68.9,1.0,6.0,3509.0,27.0,30.6,,0
2026-09-23T23:48:41+00:00,M01,simulado,68.8,1.1,6.0,3501.0,26.3,30.4,,0
2026-09-23T23:48:51+00:00,M01,simulado,69.1,1.3,6.0,3508.0,25.6,28.8,,0
2026-09-23T23:49:01+00:00,M01,simulado,69.2,1.5,6.0,3508.0,25.1,30.1,,0
2026-09-23T23:49:11+00:00,M01,simulado,69.2,1.4,6.1,3510.0,26.0,30.6,,0
2026-09-23T23:49:21+00:00,M01,simulado,69.3,1.7,6.0,3506.0,25.5,29.6,,0
2026-09-23T23:49:31+00:00,M01,simulado,69.3,1.5,6.2,3522.0,24.8,30.1,,0
2026-09-23T23:49:41+00:00,M01,simulado,69.3,1.3,6.1,3528.0,24.2,30.7,,0
2026-09-23T23:49:51+00:00,M01,simulado,69.4,1.2,6.0,3519.0,24.0,28.4,,0
2026-09-23T23:50:01+00:00,M01,simulado,69.6,1.0,6.1,3521.0,24.4,28.4,,0
2026-09-23T23:50:11+00:00,M01,simulado,69.5,1.0,6.0,3537.0,24.0,29.5,,0
2026-09-23T23:50:21+00:00,M01,simulado,69.3,1.0,6.2,3524.0,24.4,31.7,,0
2026-09-23T23:50:31+00:00,M01,simulado,69.3,1.0,6.3,3539.0,24.0,29.0,,0
2026-09-23T23:50:41+00:00,M01,simulado,69.5,1.0,6.2,3517.0,24.0,31.0,,0
2026-09-23T23:50:51+00:00,M01,simulado,69.5,1.0,6.5,3528.0,24.8,30.6,,0
2026-09-23T23:51:01+00:00,M01,simulado,69.5,1.0,6.6,3516.0,25.8,31.3,,0
2026-09-23T23:51:11+00:00,M01,simulado,69.4,1.0,6.4,3531.0,24.9,29.4,,0
2026-09-23T23:51:21+00:00,M01,simulado,69.3,1.0,6.3,3539.0,24.2,31.1,,0
2026-09-23T23:51:31+00:00,M01,simulado,69.4,1.0,6.3,3534.0,24.4,28.2,,0
2026-09-23T23:51:41+00:00,M01,simulado,69.3,1.1,6.2,3526.0,24.0,31.6,,0
2026-09-23T23:51:51+00:00,M01,simulado,69.1,1.3,6.3,3533.0,24.0,29.9,,0
2026-09-23T23:52:01+00:00,M01,simulado,69.0,1.3,6.0,3522.0,24.1,31.5,,0
2026-09-23T23:52:11+00:00,M01,simulado,69.0,1.3,6.3,3518.0,24.0,28.4,,0
2026-09-23T23:52:21+00:00,M01,simulado,69.2,1.2,6.6,3531.0,24.9,27.9,,0
2026-09-23T23:52:31+00:00,M01,simulado,69.3,1.0,6.8,3530.0,25.3,28.9,,0
2026-09-23T23:52:41+00:00,M01,simulado,69.3,1.0,7.0,3523.0,24.7,30.7,,0
2026-09-23T23:52:51+00:00,M01,simulado,69.3,1.1,7.0,3517.0,25.4,27.9,,0
2026-09-23T23:53:01+00:00,M01,simulado,69.3,1.0,7.0,3500.0,25.8,31.5,,0
2026-09-23T23:53:11+00:00,M01,simulado,69.2,1.0,6.8,3501.0,26.0,30.3,,0
2026-09-23T23:53:21+00:00,M01,simulado,69.1,1.1,7.1,3502.0,26.5,30.3,,0
2026-09-23T23:53:31+00:00,M01,simulado,69.0,1.0,7.0,3522.0,25.7,31.8,,0
2026-09-23T23:53:41+00:00,M01,simulado,68.9,1.2,6.8,3545.0,25.9,31.0,,0
2026-09-23T23:53:51+00:00,M01,simulado,69.1,1.4,6.7,3533.0,25.8,31.1,,0
2026-09-23T23:54:01+00:00,M01,simulado,69.1,1.2,6.5,3544.0,25.1,28.7,,0
2026-09-23T23:54:11+00:00,M01,simulado,69.2,1.0,6.3,3546.0,25.7,28.9,,0
2026-09-23T23:54:21+00:00,M01,simulado,69.3,1.0,6.5,3563.0,25.0,28.7,,0
2026-09-23T23:54:31+00:00,M01,simulado,69.3,1.0,6.4,3555.0,25.8,29.6,,0
2026-09-23T23:54:41+00:00,M01,simulado,69.2,1.1,6.6,3571.0,26.3,28.1,,0
2026-09-23T23:54:51+00:00,M01,simulado,69.4,1.0,6.5,3566.0,25.4,31.4,,0
2026-09-23T23:55:01+00:00,M01,simulado,69.5,1.1,6.3,3566.0,25.4,29.7,,0
2026-09-23T23:55:11+00:00,M01,simulado,69.6,1.2,6.5,3580.0,25.4,30.1,,0
2026-09-23T23:55:21+00:00,M01,simulado,69.6,1.2,6.6,3568.0,26.2,28.0,,0
2026-09-23T23:55:31+00:00,M01,simulado,69.5,1.1,6.5,3574.0,27.0,29.5,,0
2026-09-23T23:55:41+00:00,M01,simulado,69.4,1.1,6.3,3560.0,26.6,28.4,,0
2026-09-23T23:55:51+00:00,M01,simulado,69.3,1.0,6.2,3574.0,26.9,31.3,,0
2026-09-23T23:56:01+00:00,M01,simulado,69.4,1.1,6.4,3576.0,26.4,30.2,,0
2026-09-23T23:56:11+00:00,M01,simulado,69.4,1.0,6.6,3580.0,25.5,28.9,,0
2026-09-23T23:56:21+00:00,M01,simulado,69.5,1.1,6.5,3578.0,25.7,29.1,,0
2026-09-23T23:56:31+00:00,M01,simulado,69.7,1.1,6.2,3575.0,26.1,29.7,,0
2026-09-23T23:56:41+00:00,M01,simulado,69.7,1.0,6.1,3567.0,25.8,31.8,,0
2026-09-23T23:56:51+00:00,M01,simulado,69.6,1.0,6.0,3551.0,25.0,28.6,,0
2026-09-23T23:57:01+00:00,M01,simulado,69.5,1.1,6.0,3534.0,25.0,28.8,,0
2026-09-23T23:57:11+00:00,M01,simulado,69.3,1.0,6.1,3522.0,24.8,29.7,,0
2026-09-23T23:57:21+00:00,M01,simulado,69.4,1.0,6.0,3513.0,24.9,28.9,,0
2026-09-23T23:57:31+00:00,M01,simulado,69.5,1.0,6.1,3512.0,24.6,30.9,,0
2026-09-23T23:57:41+00:00,M01,simulado,69.6,1.2,6.1,3505.0,24.7,30.5,,0
2026-09-23T23:57:51+00:00,M01,simulado,69.3,1.4,6.4,3485.0,24.0,29.8,,0
2026-09-23T23:58:01+00:00,M01,simulado,69.4,1.2,6.7,3468.0,24.5,30.2,,0
2026-09-23T23:58:11+00:00,M01,simulado,69.2,1.4,6.6,3484.0,25.1,29.3,,0
2026-09-23T23:58:21+00:00,M01,simulado,69.2,1.1,6.4,3496.0,26.0,28.4,,0
2026-09-23T23:58:31+00:00,M01,simulado,69.2,1.3,6.6,3514.0,26.6,30.0,,0
2026-09-23T23:58:41+00:00,M01,simulado,69.1,1.3,6.4,3521.0,27.6,30.3,,0
2026-09-23T23:58:51+00:00,M01,simulado,69.0,1.1,6.2,3524.0,27.4,31.7,,0
2026-09-23T23:59:01+00:00,M01,simulado,69.1,1.3,6.0,3537.0,27.5,30.8,,0
2026-09-23T23:59:11+00:00,M01,simulado,69.1,1.1,6.3,3531.0,26.6,29.6,,0
2026-09-23T23:59:21+00:00,M01,simulado,69.2,1.1,6.3,3540.0,27.6,29.5,,0
2026-09-23T23:59:31+00:00,M01,simulado,69.3,1.0,6.0,3521.0,27.5,30.2,,0
2026-09-23T23:59:41+00:00,M01,simulado,69.2,1.1,6.0,3510.0,27.7,28.4,,0
2026-09-23T23:59:51+00:00,M01,simulado,69.1,1.3,6.0,3493.0,27.6,30.3,,0
2026-09-24T00:00:01+00:00,M01,simulado,69.1,1.3,6.2,3518.0,27.6,28.3,,0
2026-09-24T00:00:11+00:00,M01,simulado,69.3,1.3,6.5,3521.0,27.6,29.1,,0
2026-09-24T00:00:21+00:00,M01,simulado,69.1,1.5,6.6,3539.0,28.3,31.3,,0
2026-09-24T00:00:31+00:00,M01,simulado,69.2,1.6,6.8,3524.0,27.9,31.0,,0
2026-09-24T00:00:41+00:00,M01,simulado,69.2,1.8,7.0,3546.0,27.6,28.8,,0
2026-09-24T00:00:51+00:00,M01,simulado,69.3,1.7,7.1,3555.0,27.6,29.2,,0
2026-09-24T00:01:01+00:00,M01,simulado,69.2,1.7,7.1,3578.0,27.4,31.7,,0
2026-09-24T00:01:11+00:00,M01,simulado,69.2,1.5,6.8,3568.0,26.9,31.9,,0
2026-09-24T00:01:21+00:00,M01,simulado,69.1,1.8,6.8,3580.0,27.4,30.7,,0
2026-09-24T00:01:31+00:00,M01,simulado,69.3,1.9,6.5,3568.0,26.6,28.9,,0
2026-09-24T00:01:41+00:00,M01,simulado,69.3,2.2,6.7,3556.0,27.5,30.9,,0
2026-09-24T00:01:51+00:00,M01,simulado,69.4,2.2,6.4,3549.0,26.9,29.7,,0
2026-09-24T00:02:01+00:00,M01,simulado,69.5,2.3,6.4,3542.0,26.3,30.2,,0
2026-09-24T00:02:11+00:00,M01,simulado,69.6,2.5,6.2,3561.0,27.0,28.9,,0
2026-09-24T00:02:21+00:00,M01,simulado,69.4,2.4,6.0,3557.0,26.8,31.1,,0
2026-09-24T00:02:31+00:00,M01,simulado,69.3,2.7,6.0,3538.0,26.2,28.1,,0
2026-09-24T00:02:41+00:00,M01,simulado,69.4,2.6,6.0,3534.0,26.0,28.4,,0
2026-09-24T00:02:51+00:00,M01,simulado,69.3,2.7,6.0,3521.0,26.9,30.9,,0
2026-09-24T00:03:01+00:00,M01,simulado,69.4,2.8,6.0,3540.0,26.7,31.8,,0
2026-09-24T00:03:11+00:00,M01,simulado,69.2,2.8,6.0,3556.0,27.2,30.7,,0
2026-09-24T00:03:21+00:00,M01,simulado,69.1,2.7,6.0,3566.0,27.1,30.0,,0
2026-09-24T00:03:31+00:00,M01,simulado,69.2,2.5,6.1,3571.0,26.6,28.2,,0
2026-09-24T00:03:41+00:00,M01,simulado,69.3,2.4,6.0,3552.0,26.6,28.8,,0
2026-09-24T00:03:51+00:00,M01,simulado,72.8,4.0,10.0,3380.0,18.0,30.7,,1
2026-09-24T00:04:01+00:00,M01,simulado,75.4,4.7,10.7,3335.0,16.0,29.5,,1
2026-09-24T00:04:11+00:00,M01,simulado,77.3,5.0,11.0,3308.0,14.3,30.6,,1
2026-09-24T00:04:21+00:00,M01,simulado,78.7,5.1,11.2,3298.0,13.6,29.3,,2
2026-09-24T00:04:31+00:00,M01,simulado,79.7,5.1,11.4,3289.0,12.7,28.4,,2
2026-09-24T00:04:41+00:00,M01,simulado,80.6,5.4,11.2,3283.0,12.5,30.7,,2
2026-09-24T00:04:51+00:00,M01,simulado,81.0,5.6,11.1,3257.0,11.7,31.3,,2
2026-09-24T00:05:01+00:00,M01,simulado,81.7,5.5,11.3,3266.0,11.8,30.6,,2
2026-09-24T00:05:11+00:00,M01,simulado,82.2,5.5,11.4,3260.0,12.5,31.4,,2
2026-09-24T00:05:21+00:00,M01,simulado,82.4,5.4,11.2,3267.0,12.3,31.2,,2
2026-09-24T00:05:31+00:00,M01,simulado,82.5,5.6,11.2,3248.0,12.7,30.5,,2
2026-09-24T00:05:41+00:00,M01,simulado,82.7,5.7,11.4,3240.0,12.4,31.7,,2
2026-09-24T00:05:51+00:00,M01,simulado,83.0,5.7,11.4,3258.0,12.4,29.4,,2
2026-09-24T00:06:01+00:00,M01,simulado,83.2,5.8,11.5,3255.0,11.8,28.5,,2
2026-09-24T00:06:11+00:00,M01,simulado,83.0,5.7,11.5,3250.0,12.4,30.8,,2
2026-09-24T00:06:21+00:00,M01,simulado,82.9,5.5,11.3,3256.0,12.2,31.5,,2
2026-09-24T00:06:31+00:00,M01,simulado,82.9,5.7,11.3,3246.0,12.6,29.0,,2
2026-09-24T00:06:41+00:00,M01,simulado,83.0,5.7,11.4,3262.0,12.1,31.4,,2
2026-09-24T00:06:51+00:00,M01,simulado,83.0,5.7,11.4,3271.0,11.9,30.4,,2
2026-09-24T00:07:01+00:00,M01,simulado,82.9,5.8,11.5,3257.0,11.3,30.7,,2
2026-09-24T00:07:11+00:00,M01,simulado,82.8,5.6,11.4,3268.0,11.6,31.7,,2
2026-09-24T00:07:21+00:00,M01,simulado,83.0,5.7,11.6,3256.0,11.6,30.8,,2
2026-09-24T00:07:31+00:00,M01,simulado,83.0,5.7,11.6,3253.0,11.3,29.2,,2
2026-09-24T00:07:41+00:00,M01,simulado,83.2,5.6,11.7,3249.0,11.8,28.8,,2
2026-09-24T00:07:51+00:00,M01,simulado,83.1,5.5,11.6,3237.0,11.8,30.3,,2
2026-09-24T00:08:01+00:00,M01,simulado,82.9,5.6,11.7,3233.0,11.8,31.0,,2
2026-09-24T00:08:11+00:00,M01,simulado,83.0,5.5,11.6,3228.0,11.4,32.1,,2
2026-09-24T00:08:21+00:00,M01,simulado,83.1,5.4,11.6,3221.0,12.2,31.0,,2
2026-09-24T00:08:31+00:00,M01,simulado,83.2,5.4,11.5,3222.0,11.8,29.9,,2
2026-09-24T00:08:41+00:00,M01,simulado,83.3,5.4,11.5,3243.0,12.3,32.0,,2
2026-09-24T00:08:51+00:00,M01,simulado,83.3,5.3,11.5,3247.0,12.7,28.8,,2
2026-09-24T00:09:01+00:00,M01,simulado,83.1,5.5,11.5,3232.0,12.0,29.4,,2
2026-09-24T00:09:11+00:00,M01,simulado,83.1,5.6,11.6,3223.0,12.2,28.3,,2
2026-09-24T00:09:21+00:00,M01,simulado,82.9,5.6,11.4,3246.0,12.6,31.1,,2
2026-09-24T00:09:31+00:00,M01,simulado,83.1,5.4,11.5,3261.0,12.3,29.0,,2
2026-09-24T00:09:41+00:00,M01,simulado,83.2,5.4,11.5,3256.0,11.8,29.6,,2
2026-09-24T00:09:51+00:00,M01,simulado,79.7,3.4,8.9,3420.0,24.0,28.3,,1
2026-09-24T00:10:01+00:00,M01,simulado,77.1,3.4,8.9,3430.0,24.0,28.7,,1
2026-09-24T00:10:11+00:00,M01,simulado,75.1,3.4,8.9,3433.0,24.1,31.8,,1
2026-09-24T00:10:21+00:00,M01,simulado,73.7,3.3,8.7,3420.0,24.0,29.6,,0
2026-09-24T00:10:31+00:00,M01,simulado,72.5,3.4,8.9,3428.0,24.8,28.7,,0
2026-09-24T00:10:41+00:00,M01,simulado,71.8,3.4,8.7,3433.0,24.6,29.1,,0
2026-09-24T00:10:51+00:00,M01,simulado,71.2,3.4,8.9,3444.0,24.1,30.3,,0
2026-09-24T00:11:01+00:00,M01,simulado,70.7,3.4,8.9,3441.0,24.6,29.1,,0
2026-09-24T00:11:11+00:00,M01,simulado,70.4,3.4,8.9,3451.0,24.5,30.9,,0
2026-09-24T00:11:21+00:00,M01,simulado,69.9,3.3,8.9,3467.0,24.7,28.4,,0
2026-09-24T00:11:31+00:00,M01,simulado,69.6,3.3,8.8,3491.0,25.5,30.4,,0
2026-09-24T00:11:41+00:00,M01,simulado,69.5,3.1,8.9,3498.0,25.9,29.7,,0
2026-09-24T00:11:51+00:00,M01,simulado,69.3,3.0,8.9,3501.0,26.1,31.9,,0
2026-09-24T00:12:01+00:00,M01,simulado,69.2,3.3,8.9,3502.0,26.8,29.4,,0
2026-09-24T00:12:11+00:00,M01,simulado,69.0,3.2,8.9,3521.0,26.6,29.3,,0
2026-09-24T00:12:21+00:00,M01,simulado,68.9,3.2,8.9,3535.0,26.4,30.3,,0
2026-09-24T00:12:31+00:00,M01,simulado,68.8,3.4,8.9,3525.0,25.6,30.5,,0
2026-09-24T00:12:41+00:00,M01,simulado,69.0,3.2,8.9,3502.0,24.6,30.4,,0
2026-09-24T00:12:51+00:00,M01,simulado,69.0,3.0,8.9,3516.0,25.2,31.6,,0
2026-09-24T00:13:01+00:00,M01,simulado,69.1,3.2,8.8,3513.0,25.8,31.4,,0
2026-09-24T00:13:11+00:00,M01,simulado,69.3,3.4,8.7,3526.0,25.8,29.2,,0
2026-09-24T00:13:21+00:00,M01,simulado,69.2,3.4,8.5,3530.0,25.6,29.6,,0
2026-09-24T00:13:31+00:00,M01,simulado,69.1,3.4,8.7,3554.0,24.8,30.0,,0
2026-09-24T00:13:41+00:00,M01,simulado,69.1,3.2,8.6,3547.0,25.7,30.7,,0
2026-09-24T00:13:51+00:00,M01,simulado,69.2,3.0,8.4,3537.0,25.8,30.7,,0
2026-09-24T00:14:01+00:00,M01,simulado,69.2,2.8,8.5,3549.0,26.0,31.9,,0
2026-09-24T00:14:11+00:00,M01,simulado,69.1,2.7,8.6,3560.0,26.4,31.0,,0
2026-09-24T00:14:21+00:00,M01,simulado,69.1,2.7,8.8,3554.0,25.5,32.0,,0
2026-09-24T00:14:31+00:00,M01,simulado,69.2,2.9,8.9,3557.0,25.8,31.1,,0
2026-09-24T00:14:41+00:00,M01,simulado,69.2,2.7,8.8,3576.0,26.2,31.1,,0
2026-09-24T00:14:51+00:00,M01,simulado,69.2,2.7,8.7,3580.0,25.9,30.9,,0
2026-09-24T00:15:01+00:00,M01,simulado,69.2,2.8,8.9,3580.0,26.7,29.8,,0
2026-09-24T00:15:11+00:00,M01,simulado,69.0,2.8,8.9,3578.0,27.1,31.2,,0
2026-09-24T00:15:21+00:00,M01,simulado,69.1,3.0,8.9,3565.0,28.1,30.4,,0
2026-09-24T00:15:31+00:00,M01,simulado,69.2,3.0,8.8,3580.0,28.5,31.3,,0
2026-09-24T00:15:41+00:00,M01,simulado,69.0,2.9,8.9,3580.0,28.4,32.0,,0
2026-09-24T00:15:51+00:00,M01,simulado,68.9,2.7,8.6,3559.0,29.3,29.6,,0
2026-09-24T00:16:01+00:00,M01,simulado,69.1,2.6,8.5,3553.0,30.2,32.0,,0
2026-09-24T00:16:11+00:00,M01,simulado,68.9,2.5,8.7,3555.0,29.8,30.9,,0
2026-09-24T00:16:21+00:00,M01,simulado,69.1,2.7,8.7,3566.0,29.5,30.7,,0
2026-09-24T00:16:31+00:00,M01,simulado,69.1,2.5,8.9,3542.0,30.1,31.5,,0
2026-09-24T00:16:41+00:00,M01,simulado,69.3,2.3,8.9,3520.0,29.5,31.9,,0
2026-09-24T00:16:51+00:00,M01,simulado,69.4,2.1,8.7,3533.0,29.4,29.1,,0
2026-09-24T00:17:01+00:00,M01,simulado,69.1,2.3,8.9,3540.0,30.0,31.4,,0
2026-09-24T00:17:11+00:00,M01,simulado,69.2,2.3,8.9,3550.0,29.9,29.0,,0
2026-09-24T00:17:21+00:00,M01,simulado,69.2,2.4,8.6,3536.0,30.3,30.6,,0
2026-09-24T00:17:31+00:00,M01,simulado,69.1,2.4,8.9,3545.0,30.2,29.2,,0
2026-09-24T00:17:41+00:00,M01,simulado,69.1,2.2,8.9,3521.0,31.1,30.4,,0
2026-09-24T00:17:51+00:00,M01,simulado,68.9,2.4,8.9,3509.0,32.0,29.8,,0
2026-09-24T00:18:01+00:00,M01,simulado,68.8,2.1,8.9,3497.0,32.4,31.2,,0
2026-09-24T00:18:11+00:00,M01,simulado,68.8,2.3,8.6,3491.0,32.0,29.2,,0
2026-09-24T00:18:21+00:00,M01,simulado,68.9,2.4,8.7,3497.0,31.2,29.8,,0
2026-09-24T00:18:31+00:00,M01,simulado,68.8,2.6,8.7,3481.0,30.5,30.3,,0
2026-09-24T00:18:41+00:00,M01,simulado,69.0,2.5,8.7,3475.0,30.7,28.6,,0
2026-09-24T00:18:51+00:00,M01,simulado,69.1,2.5,8.6,3488.0,31.2,28.9,,0
2026-09-24T00:19:01+00:00,M01,simulado,69.0,2.3,8.7,3511.0,31.8,31.6,,0
2026-09-24T00:19:11+00:00,M01,simulado,69.2,2.2,8.5,3526.0,32.4,30.0,,0
2026-09-24T00:19:21+00:00,M01,simulado,69.3,1.9,8.2,3515.0,31.9,32.1,,0
2026-09-24T00:19:31+00:00,M01,simulado,69.2,2.0,8.5,3504.0,31.3,30.5,,0
2026-09-24T00:19:41+00:00,M01,simulado,69.2,1.9,8.4,3488.0,31.1,31.2,,0
2026-09-24T00:19:51+00:00,M01,simulado,69.1,1.8,8.6,3511.0,32.0,30.1,,0
2026-09-24T00:20:01+00:00,M01,simulado,69.1,1.9,8.6,3491.0,32.1,30.1,,0
2026-09-24T00:20:11+00:00,M01,simulado,69.2,1.8,8.7,3473.0,33.0,30.6,,0
2026-09-24T00:20:21+00:00,M01,simulado,69.3,1.6,8.9,3457.0,33.5,31.4,,0
2026-09-24T00:20:31+00:00,M01,simulado,69.1,1.6,8.9,3472.0,34.3,29.9,,0
2026-09-24T00:20:41+00:00,M01,simulado,68.9,1.5,8.7,3449.0,34.6,29.6,,0
2026-09-24T00:20:51+00:00,M01,simulado,68.9,1.6,8.6,3467.0,34.9,29.1,,0
2026-09-24T00:21:01+00:00,M01,simulado,68.9,1.3,8.4,3443.0,34.5,29.3,,0
2026-09-24T00:21:11+00:00,M01,simulado,68.8,1.6,8.6,3420.0,35.3,31.2,,0
2026-09-24T00:21:21+00:00,M01,simulado,68.7,1.7,8.9,3442.0,35.8,31.1,,0
2026-09-24T00:21:31+00:00,M01,simulado,68.8,1.9,8.6,3435.0,34.9,29.2,,0
2026-09-24T00:21:41+00:00,M01,simulado,69.0,1.8,8.4,3425.0,35.6,30.7,,0
2026-09-24T00:21:51+00:00,M01,simulado,68.8,1.9,8.4,3420.0,36.2,29.4,,0
2026-09-24T00:22:01+00:00,M01,simulado,69.0,1.8,8.3,3420.0,36.4,30.6,,0
2026-09-24T00:22:11+00:00,M01,simulado,69.1,1.6,8.0,3421.0,35.6,31.3,,0
2026-09-24T00:22:21+00:00,M01,simulado,69.0,1.9,8.0,3420.0,36.5,30.8,,0
2026-09-24T00:22:31+00:00,M01,simulado,68.9,2.1,8.0,3420.0,35.8,32.0,,0
2026-09-24T00:22:41+00:00,M01,simulado,68.9,2.2,8.1,3441.0,35.5,32.1,,0
2026-09-24T00:22:51+00:00,M01,simulado,69.1,2.3,8.3,3456.0,34.8,31.0,,0
2026-09-24T00:23:01+00:00,M01,simulado,69.2,2.5,8.1,3467.0,34.8,30.8,,0
2026-09-24T00:23:11+00:00,M01,simulado,69.1,2.4,7.9,3479.0,34.2,32.0,,0
2026-09-24T00:23:21+00:00,M01,simulado,69.2,2.1,7.9,3463.0,34.0,31.6,,0
2026-09-24T00:23:31+00:00,M01,simulado,69.0,2.1,7.9,3478.0,34.1,32.2,,0
2026-09-24T00:23:41+00:00,M01,simulado,69.1,2.1,8.1,3497.0,33.4,30.1,,0
2026-09-24T00:23:51+00:00,M01,simulado,69.1,2.0,7.8,3511.0,33.5,29.1,,0
2026-09-24T00:24:01+00:00,M01,simulado,68.9,2.1,7.8,3519.0,32.7,31.7,,0
2026-09-24T00:24:11+00:00,M01,simulado,69.0,1.9,7.6,3502.0,32.5,30.1,,0
2026-09-24T00:24:21+00:00,M01,simulado,68.8,1.7,7.8,3498.0,32.6,29.1,,0
2026-09-24T00:24:31+00:00,M01,simulado,69.0,1.9,8.0,3485.0,32.5,32.1,,0
2026-09-24T00:24:41+00:00,M01,simulado,69.1,2.0,8.0,3493.0,33.0,32.4,,0
2026-09-24T00:24:51+00:00,M01,simulado,68.9,1.9,8.1,3470.0,33.8,30.3,,0
2026-09-24T00:25:01+00:00,M01,simulado,69.1,1.8,8.4,3474.0,33.5,28.9,,0
2026-09-24T00:25:11+00:00,M01,simulado,69.0,1.9,8.3,3488.0,33.8,30.5,,0
2026-09-24T00:25:21+00:00,M01,simulado,69.1,1.7,8.2,3510.0,33.0,30.6,,0
2026-09-24T00:25:31+00:00,M01,simulado,69.0,1.9,8.4,3505.0,33.3,29.9,,0
2026-09-24T00:25:41+00:00,M01,simulado,69.1,2.0,8.2,3483.0,32.7,28.5,,0
2026-09-24T00:25:51+00:00,M01,simulado,69.1,2.2,8.0,3498.0,33.3,28.5,,0
2026-09-24T00:26:01+00:00,M01,simulado,69.0,2.3,8.1,3497.0,33.5,30.0,,0
2026-09-24T00:26:11+00:00,M01,simulado,68.9,2.4,8.0,3480.0,34.3,29.3,,0
2026-09-24T00:26:21+00:00,M01,simulado,69.0,2.6,8.3,3481.0,33.7,29.6,,0
2026-09-24T00:26:31+00:00,M01,simulado,68.8,2.8,8.1,3474.0,32.8,31.8,,0
2026-09-24T00:26:41+00:00,M01,simulado,68.8,3.0,7.8,3488.0,31.9,29.8,,0
2026-09-24T00:26:51+00:00,M01,simulado,68.6,2.9,7.7,3477.0,32.2,32.1,,0
2026-09-24T00:27:01+00:00,M01,simulado,68.8,2.9,7.7,3499.0,31.6,28.5,,0
2026-09-24T00:27:11+00:00,M01,simulado,68.9,3.1,7.7,3484.0,31.5,30.6,,0
2026-09-24T00:27:21+00:00,M01,simulado,68.9,3.1,7.6,3498.0,31.5,32.1,,0
2026-09-24T00:27:31+00:00,M01,simulado,68.9,3.0,7.8,3516.0,31.7,30.0,,0
2026-09-24T00:27:41+00:00,M01,simulado,68.8,2.9,7.9,3492.0,32.2,30.5,,0
2026-09-23T22:27:51+00:00,M02,simulado,72.0,2.2,7.5,3513.0,29.9,28.6,,0
2026-09-23T22:28:01+00:00,M02,simulado,71.9,2.3,7.6,3496.0,29.7,28.1,,0
2026-09-23T22:28:11+00:00,M02,simulado,72.0,2.4,7.4,3480.0,30.1,26.5,,0
2026-09-23T22:28:21+00:00,M02,simulado,72.2,2.3,7.6,3469.0,31.0,28.8,,0
2026-09-23T22:28:31+00:00,M02,simulado,72.0,2.3,7.7,3489.0,30.7,26.8,,0
2026-09-23T22:28:41+00:00,M02,simulado,71.9,2.1,7.6,3508.0,31.3,27.2,,0
2026-09-23T22:28:51+00:00,M02,simulado,71.9,1.9,7.9,3530.0,31.1,27.9,,0
2026-09-23T22:29:01+00:00,M02,simulado,71.8,2.1,8.2,3515.0,30.3,29.5,,0
2026-09-23T22:29:11+00:00,M02,simulado,71.7,2.3,8.2,3522.0,30.4,28.8,,0
2026-09-23T22:29:21+00:00,M02,simulado,71.8,2.5,8.4,3501.0,30.1,27.5,,0
2026-09-23T22:29:31+00:00,M02,simulado,72.0,2.7,8.4,3499.0,29.7,27.3,,0
2026-09-23T22:29:41+00:00,M02,simulado,72.2,2.7,8.1,3523.0,29.5,29.3,,0
2026-09-23T22:29:51+00:00,M02,simulado,72.0,2.7,8.3,3540.0,29.7,26.6,,0
2026-09-23T22:30:01+00:00,M02,simulado,72.2,2.6,8.2,3535.0,29.9,28.2,,0
2026-09-23T22:30:11+00:00,M02,simulado,72.1,2.8,8.4,3537.0,29.7,27.0,,0
2026-09-23T22:30:21+00:00,M02,simulado,72.0,2.7,8.7,3546.0,28.8,28.2,,0
2026-09-23T22:30:31+00:00,M02,simulado,71.9,2.6,8.5,3555.0,28.0,29.4,,0
2026-09-23T22:30:41+00:00,M02,simulado,72.0,2.6,8.5,3569.0,27.9,28.9,,0
2026-09-23T22:30:51+00:00,M02,simulado,72.0,2.6,8.4,3580.0,27.7,28.3,,0
2026-09-23T22:31:01+00:00,M02,simulado,72.1,2.5,8.5,3569.0,28.2,29.8,,0
2026-09-23T22:31:11+00:00,M02,simulado,72.1,2.5,8.6,3580.0,27.7,30.3,,0
2026-09-23T22:31:21+00:00,M02,simulado,72.0,2.5,8.4,3579.0,27.0,30.1,,0
2026-09-23T22:31:31+00:00,M02,simulado,71.9,2.3,8.5,3564.0,26.7,26.9,,0
2026-09-23T22:31:41+00:00,M02,simulado,72.1,2.2,8.6,3544.0,25.9,28.4,,0
2026-09-23T22:31:51+00:00,M02,simulado,72.0,2.3,8.8,3528.0,26.4,26.8,,0
2026-09-23T22:32:01+00:00,M02,simulado,71.9,2.3,8.8,3514.0,27.2,28.8,,0
2026-09-23T22:32:11+00:00,M02,simulado,72.0,2.1,8.7,3499.0,26.7,28.4,,0
2026-09-23T22:32:21+00:00,M02,simulado,71.8,2.3,8.6,3504.0,25.9,28.6,,0
2026-09-23T22:32:31+00:00,M02,simulado,71.8,2.5,8.4,3482.0,25.3,30.2,,0
2026-09-23T22:32:41+00:00,M02,simulado,71.7,2.4,8.3,3482.0,26.2,28.3,,0
2026-09-23T22:32:51+00:00,M02,simulado,71.7,2.4,8.1,3495.0,25.8,28.0,,0
2026-09-23T22:33:01+00:00,M02,simulado,71.7,2.6,8.0,3473.0,25.2,29.2,,0
2026-09-23T22:33:11+00:00,M02,simulado,71.6,2.7,8.0,3458.0,25.7,30.3,,0
2026-09-23T22:33:21+00:00,M02,simulado,71.9,2.5,7.9,3469.0,25.4,29.9,,0
2026-09-23T22:33:31+00:00,M02,simulado,71.9,2.7,7.9,3458.0,25.0,26.7,,0
2026-09-23T22:33:41+00:00,M02,simulado,72.0,2.7,7.9,3482.0,24.2,30.3,,0
2026-09-23T22:33:51+00:00,M02,simulado,72.0,2.7,8.0,3506.0,24.0,29.1,,0
2026-09-23T22:34:01+00:00,M02,simulado,71.8,2.6,7.7,3502.0,24.0,27.8,,0
2026-09-23T22:34:11+00:00,M02,simulado,71.7,2.4,7.7,3523.0,24.5,28.0,,0
2026-09-23T22:34:21+00:00,M02,simulado,71.7,2.2,7.9,3522.0,25.3,29.1,,0
2026-09-23T22:34:31+00:00,M02,simulado,71.7,2.4,8.1,3540.0,25.1,27.1,,0
2026-09-23T22:34:41+00:00,M02,simulado,72.0,2.3,7.9,3535.0,24.9,28.0,,0
2026-09-23T22:34:51+00:00,M02,simulado,71.8,2.3,8.0,3533.0,24.4,27.2,,0
2026-09-23T22:35:01+00:00,M02,simulado,71.7,2.2,7.8,3520.0,24.8,27.7,,0
2026-09-23T22:35:11+00:00,M02,simulado,71.7,2.3,8.1,3511.0,25.8,28.0,,0
2026-09-23T22:35:21+00:00,M02,simulado,71.9,2.4,7.8,3488.0,26.6,29.3,,0
2026-09-23T22:35:31+00:00,M02,simulado,72.1,2.2,8.1,3511.0,27.3,28.8,,0
2026-09-23T22:35:41+00:00,M02,simulado,71.9,2.4,8.3,3499.0,27.7,27.9,,0
2026-09-23T22:35:51+00:00,M02,simulado,72.0,2.1,8.1,3506.0,27.4,30.4,,0
2026-09-23T22:36:01+00:00,M02,simulado,71.8,2.0,7.9,3529.0,28.2,28.8,,0
2026-09-23T22:36:11+00:00,M02,simulado,71.9,2.2,8.1,3522.0,27.7,28.0,,0
2026-09-23T22:36:21+00:00,M02,simulado,71.9,2.2,7.8,3529.0,28.4,27.1,,0
2026-09-23T22:36:31+00:00,M02,simulado,71.8,2.0,7.7,3524.0,28.6,28.6,,0
2026-09-23T22:36:41+00:00,M02,simulado,72.0,1.9,7.6,3519.0,29.5,26.6,,0
2026-09-23T22:36:51+00:00,M02,simulado,72.2,1.7,7.7,3534.0,29.9,26.9,,0
2026-09-23T22:37:01+00:00,M02,simulado,72.2,1.9,7.7,3527.0,29.6,27.1,,0
2026-09-23T22:37:11+00:00,M02,simulado,72.0,2.1,7.4,3530.0,30.2,30.5,,0
2026-09-23T22:37:21+00:00,M02,simulado,72.1,2.0,7.2,3517.0,29.3,29.1,,0
2026-09-23T22:37:31+00:00,M02,simulado,71.9,2.0,7.1,3527.0,29.4,30.1,,0
2026-09-23T22:37:41+00:00,M02,simulado,71.7,1.9,7.3,3546.0,29.7,27.0,,0
2026-09-23T22:37:51+00:00,M02,simulado,72.0,1.9,7.1,3556.0,29.2,27.6,,0
2026-09-23T22:38:01+00:00,M02,simulado,72.2,1.8,7.3,3580.0,29.8,27.4,,0
2026-09-23T22:38:11+00:00,M02,simulado,72.0,1.8,7.3,3580.0,29.8,30.5,,0
2026-09-23T22:38:21+00:00,M02,simulado,72.1,1.9,7.6,3575.0,30.5,27.4,,0
2026-09-23T22:38:31+00:00,M02,simulado,72.1,2.2,7.5,3580.0,31.3,27.4,,0
2026-09-23T22:38:41+00:00,M02,simulado,72.0,2.3,7.4,3580.0,31.8,29.1,,0
2026-09-23T22:38:51+00:00,M02,simulado,72.0,2.1,7.5,3580.0,31.2,29.2,,0
2026-09-23T22:39:01+00:00,M02,simulado,71.9,2.0,7.4,3562.0,31.9,27.3,,0
2026-09-23T22:39:11+00:00,M02,simulado,71.9,2.1,7.5,3580.0,31.9,27.7,,0
2026-09-23T22:39:21+00:00,M02,simulado,71.8,2.3,7.6,3580.0,32.8,29.1,,0
2026-09-23T22:39:31+00:00,M02,simulado,71.7,2.3,7.6,3580.0,33.4,30.6,,0
2026-09-23T22:39:41+00:00,M02,simulado,71.9,2.4,7.3,3564.0,33.7,28.4,,0
2026-09-23T22:39:51+00:00,M02,simulado,71.9,2.5,7.2,3542.0,34.1,27.5,,0
2026-09-23T22:40:01+00:00,M02,simulado,72.1,2.4,7.1,3531.0,33.2,30.6,,0
2026-09-23T22:40:11+00:00,M02,simulado,71.9,2.4,7.2,3551.0,32.3,27.3,,0
2026-09-23T22:40:21+00:00,M02,simulado,72.1,2.4,7.0,3568.0,32.1,29.5,,0
2026-09-23T22:40:31+00:00,M02,simulado,72.1,2.2,7.2,3579.0,32.7,29.6,,0
2026-09-23T22:40:41+00:00,M02,simulado,71.9,2.0,7.4,3580.0,32.7,27.6,,0
2026-09-23T22:40:51+00:00,M02,simulado,72.0,2.2,7.1,3563.0,33.2,30.1,,0
2026-09-23T22:41:01+00:00,M02,simulado,72.1,2.2,7.1,3550.0,33.9,27.2,,0
2026-09-23T22:41:11+00:00,M02,simulado,72.3,2.1,7.2,3547.0,33.3,27.0,,0
2026-09-23T22:41:21+00:00,M02,simulado,72.4,1.9,7.2,3525.0,34.2,27.8,,0
2026-09-23T22:41:31+00:00,M02,simulado,72.3,1.9,6.9,3525.0,34.4,29.5,,0
2026-09-23T22:41:41+00:00,M02,simulado,72.1,1.8,6.9,3521.0,33.8,26.7,,0
2026-09-23T22:41:51+00:00,M02,simulado,72.1,1.7,6.9,3521.0,34.0,27.8,,0
2026-09-23T22:42:01+00:00,M02,simulado,72.2,1.5,6.6,3513.0,33.5,29.0,,0
2026-09-23T22:42:11+00:00,M02,simulado,72.2,1.3,6.5,3522.0,34.4,27.8,,0
2026-09-23T22:42:21+00:00,M02,simulado,72.0,1.4,6.6,3526.0,34.4,28.0,,0
2026-09-23T22:42:31+00:00,M02,simulado,71.8,1.4,6.7,3542.0,35.0,27.5,,0
2026-09-23T22:42:41+00:00,M02,simulado,72.0,1.2,6.9,3540.0,35.3,29.2,,0
2026-09-23T22:42:51+00:00,M02,simulado,72.1,1.0,6.6,3537.0,36.2,29.8,,0
2026-09-23T22:43:01+00:00,M02,simulado,72.0,1.0,6.9,3526.0,36.9,29.8,,0
2026-09-23T22:43:11+00:00,M02,simulado,71.9,1.2,6.7,3510.0,37.3,28.0,,0
2026-09-23T22:43:21+00:00,M02,simulado,72.0,1.1,6.8,3528.0,37.1,27.8,,0
2026-09-23T22:43:31+00:00,M02,simulado,72.1,1.1,7.0,3529.0,37.7,28.2,,0
2026-09-23T22:43:41+00:00,M02,simulado,72.0,1.3,7.2,3520.0,38.0,28.0,,0
2026-09-23T22:43:51+00:00,M02,simulado,71.9,1.3,7.1,3532.0,37.5,29.7,,0
2026-09-23T22:44:01+00:00,M02,simulado,72.1,1.1,7.1,3555.0,36.7,30.0,,0
2026-09-23T22:44:11+00:00,M02,simulado,72.0,1.2,7.3,3546.0,36.1,26.7,,0
2026-09-23T22:44:21+00:00,M02,simulado,72.2,1.2,7.3,3530.0,36.6,29.0,,0
2026-09-23T22:44:31+00:00,M02,simulado,72.2,1.2,7.5,3552.0,36.7,27.7,,0
2026-09-23T22:44:41+00:00,M02,simulado,72.3,1.1,7.4,3577.0,36.6,28.6,,0
2026-09-23T22:44:51+00:00,M02,simulado,72.2,1.1,7.7,3580.0,36.1,30.2,,0
2026-09-23T22:45:01+00:00,M02,simulado,72.3,1.1,7.6,3580.0,36.4,28.0,,0
2026-09-23T22:45:11+00:00,M02,simulado,72.4,1.0,7.7,3578.0,37.1,30.3,,0
2026-09-23T22:45:21+00:00,M02,simulado,72.4,1.0,7.5,3580.0,37.5,27.9,,0
2026-09-23T22:45:31+00:00,M02,simulado,72.1,1.0,7.6,3580.0,37.5,27.7,,0
2026-09-23T22:45:41+00:00,M02,simulado,72.2,1.0,7.4,3580.0,37.7,30.0,,0
2026-09-23T22:45:51+00:00,M02,simulado,72.0,1.0,7.4,3558.0,38.0,28.4,,0
2026-09-23T22:46:01+00:00,M02,simulado,72.0,1.0,7.5,3559.0,38.0,27.6,,0
2026-09-23T22:46:11+00:00,M02,simulado,72.1,1.1,7.4,3547.0,38.0,30.2,,0
2026-09-23T22:46:21+00:00,M02,simulado,72.2,1.3,7.2,3563.0,37.7,27.6,,0
2026-09-23T22:46:31+00:00,M02,simulado,72.2,1.1,7.3,3570.0,37.7,30.5,,0
2026-09-23T22:46:41+00:00,M02,simulado,72.1,1.2,7.5,3580.0,38.0,26.9,,0
2026-09-23T22:46:51+00:00,M02,simulado,72.0,1.0,7.5,3563.0,38.0,27.4,,0
2026-09-23T22:47:01+00:00,M02,simulado,72.0,1.2,7.6,3549.0,37.7,28.2,,0
2026-09-23T22:47:11+00:00,M02,simulado,71.9,1.0,7.8,3536.0,37.9,27.4,,0
2026-09-23T22:47:21+00:00,M02,simulado,71.7,1.1,7.7,3545.0,37.9,27.2,,0
2026-09-23T22:47:31+00:00,M02,simulado,71.7,1.3,7.6,3525.0,37.3,29.4,,0
2026-09-23T22:47:41+00:00,M02,simulado,71.6,1.1,7.9,3532.0,37.2,27.2,,0
2026-09-23T22:47:51+00:00,M02,simulado,71.6,1.2,7.8,3542.0,37.2,27.6,,0
2026-09-23T22:48:01+00:00,M02,simulado,71.8,1.0,8.0,3540.0,37.0,29.5,,0
2026-09-23T22:48:11+00:00,M02,simulado,72.0,1.0,7.8,3549.0,37.9,28.5,,0
2026-09-23T22:48:21+00:00,M02,simulado,72.0,1.0,8.0,3550.0,38.0,29.0,,0
2026-09-23T22:48:31+00:00,M02,simulado,72.0,1.0,8.3,3573.0,37.2,29.6,,0
2026-09-23T22:48:41+00:00,M02,simulado,71.8,1.2,8.1,3580.0,38.0,30.1,,0
2026-09-23T22:48:51+00:00,M02,simulado,71.9,1.4,7.9,3563.0,38.0,27.1,,0
2026-09-23T22:49:01+00:00,M02,simulado,71.8,1.4,7.8,3578.0,37.4,28.8,,0
2026-09-23T22:49:11+00:00,M02,simulado,71.9,1.4,7.8,3566.0,36.7,30.6,,0
2026-09-23T22:49:21+00:00,M02,simulado,71.9,1.6,8.0,3570.0,37.2,29.5,,0
2026-09-23T22:49:31+00:00,M02,simulado,71.8,1.5,7.7,3568.0,37.5,29.4,,0
2026-09-23T22:49:41+00:00,M02,simulado,71.7,1.3,7.5,3559.0,37.0,30.2,,0
2026-09-23T22:49:51+00:00,M02,simulado,71.8,1.3,7.7,3580.0,37.4,27.5,,0
2026-09-23T22:50:01+00:00,M02,simulado,71.7,1.5,7.4,3571.0,37.2,28.0,,0
2026-09-23T22:50:11+00:00,M02,simulado,71.9,1.4,7.5,3548.0,36.6,30.4,,0
2026-09-23T22:50:21+00:00,M02,simulado,72.0,1.2,7.6,3537.0,36.3,30.7,,0
2026-09-23T22:50:31+00:00,M02,simulado,72.1,1.1,7.5,3527.0,36.3,28.8,,0
2026-09-23T22:50:41+00:00,M02,simulado,72.0,1.0,7.4,3546.0,36.6,30.2,,0
2026-09-23T22:50:51+00:00,M02,simulado,72.1,1.0,7.5,3530.0,37.1,30.3,,0
2026-09-23T22:51:01+00:00,M02,simulado,72.0,1.2,7.4,3512.0,36.4,28.9,,0
2026-09-23T22:51:11+00:00,M02,simulado,72.0,1.1,7.4,3491.0,36.6,28.7,,0
2026-09-23T22:51:21+00:00,M02,simulado,71.9,1.0,7.3,3489.0,37.4,28.4,,0
2026-09-23T22:51:31+00:00,M02,simulado,71.9,1.0,7.0,3487.0,37.8,28.1,,0
2026-09-23T22:51:41+00:00,M02,simulado,71.8,1.0,7.3,3481.0,38.0,28.8,,0
2026-09-23T22:51:51+00:00,M02,simulado,71.8,1.0,7.4,3472.0,38.0,27.0,,0
2026-09-23T22:52:01+00:00,M02,simulado,71.7,1.2,7.5,3485.0,38.0,28.7,,0
2026-09-23T22:52:11+00:00,M02,simulado,71.8,1.0,7.3,3469.0,37.7,26.9,,0
2026-09-23T22:52:21+00:00,M02,simulado,71.7,1.0,7.3,3449.0,37.6,27.7,,0
2026-09-23T22:52:31+00:00,M02,simulado,71.8,1.0,7.1,3427.0,36.6,30.0,,0
2026-09-23T22:52:41+00:00,M02,simulado,72.0,1.1,7.1,3440.0,37.3,28.3,,0
2026-09-23T22:52:51+00:00,M02,simulado,72.2,1.3,6.9,3463.0,36.5,29.9,,0
2026-09-23T22:53:01+00:00,M02,simulado,72.2,1.5,7.0,3456.0,37.3,27.4,,0
2026-09-23T22:53:11+00:00,M02,simulado,72.3,1.3,7.1,3438.0,36.5,29.4,,0
2026-09-23T22:53:21+00:00,M02,simulado,72.2,1.5,6.8,3428.0,36.3,30.4,,0
2026-09-23T22:53:31+00:00,M02,simulado,72.3,1.3,6.6,3420.0,36.5,27.5,,0
2026-09-23T22:53:41+00:00,M02,simulado,72.0,1.3,6.7,3425.0,36.2,29.4,,0
2026-09-23T22:53:51+00:00,M02,simulado,72.1,1.3,6.9,3433.0,35.8,30.4,,0
2026-09-23T22:54:01+00:00,M02,simulado,72.0,1.4,7.0,3455.0,35.2,30.6,,0
2026-09-23T22:54:11+00:00,M02,simulado,72.0,1.2,6.7,3435.0,34.5,28.6,,0
2026-09-23T22:54:21+00:00,M02,simulado,71.8,1.0,7.0,3458.0,34.6,29.0,,0
2026-09-23T22:54:31+00:00,M02,simulado,72.0,1.0,7.1,3476.0,34.2,29.9,,0
2026-09-23T22:54:41+00:00,M02,simulado,72.1,1.2,7.2,3458.0,34.9,30.3,,0
2026-09-23T22:54:51+00:00,M02,simulado,72.0,1.4,7.0,3478.0,35.5,27.4,,0
2026-09-23T22:55:01+00:00,M02,simulado,72.0,1.2,6.7,3457.0,35.0,27.6,,0
2026-09-23T22:55:11+00:00,M02,simulado,71.9,1.2,6.7,3457.0,34.2,27.1,,0
2026-09-23T22:55:21+00:00,M02,simulado,71.7,1.3,6.9,3455.0,33.4,27.3,,0
2026-09-23T22:55:31+00:00,M02,simulado,71.8,1.3,7.1,3466.0,33.6,27.6,,0
2026-09-23T22:55:41+00:00,M02,simulado,71.8,1.4,7.2,3441.0,33.2,28.9,,0
2026-09-23T22:55:51+00:00,M02,simulado,71.8,1.6,7.1,3420.0,32.7,28.9,,0
2026-09-23T22:56:01+00:00,M02,simulado,72.0,1.8,7.4,3420.0,33.0,28.7,,0
2026-09-23T22:56:11+00:00,M02,simulado,72.1,1.6,7.4,3420.0,33.8,29.0,,0
2026-09-23T22:56:21+00:00,M02,simulado,71.8,1.8,7.3,3440.0,33.8,30.0,,0
2026-09-23T22:56:31+00:00,M02,simulado,71.9,2.0,7.4,3462.0,34.1,30.1,,0
2026-09-23T22:56:41+00:00,M02,simulado,71.8,1.8,7.2,3455.0,34.0,28.9,,0
2026-09-23T22:56:51+00:00,M02,simulado,71.7,1.8,7.3,3475.0,33.6,28.4,,0
2026-09-23T22:57:01+00:00,M02,simulado,71.8,1.7,7.3,3456.0,33.0,27.8,,0
2026-09-23T22:57:11+00:00,M02,simulado,71.8,1.7,7.3,3473.0,33.3,29.9,,0
2026-09-23T22:57:21+00:00,M02,simulado,71.7,1.5,7.5,3480.0,34.2,28.1,,0
2026-09-23T22:57:31+00:00,M02,simulado,71.7,1.6,7.8,3485.0,34.2,27.4,,0
2026-09-23T22:57:41+00:00,M02,simulado,71.9,1.4,7.8,3463.0,33.3,27.1,,0
2026-09-23T22:57:51+00:00,M02,simulado,71.7,1.6,8.0,3477.0,33.6,28.1,,0
2026-09-23T22:58:01+00:00,M02,simulado,71.7,1.6,8.1,3458.0,33.0,30.1,,0
2026-09-23T22:58:11+00:00,M02,simulado,71.9,1.7,8.3,3436.0,33.0,27.3,,0
2026-09-23T22:58:21+00:00,M02,simulado,71.7,1.8,8.1,3428.0,33.1,29.6,,0
2026-09-23T22:58:31+00:00,M02,simulado,71.7,1.9,7.9,3428.0,34.0,27.0,,0
2026-09-23T22:58:41+00:00,M02,simulado,71.8,1.9,8.0,3423.0,33.9,28.1,,0
2026-09-23T22:58:51+00:00,M02,simulado,72.0,1.9,8.1,3447.0,32.9,30.2,,0
2026-09-23T22:59:01+00:00,M02,simulado,71.8,1.9,8.1,3469.0,33.2,28.0,,0
2026-09-23T22:59:11+00:00,M02,simulado,71.7,1.9,8.2,3471.0,32.7,28.6,,0
2026-09-23T22:59:21+00:00,M02,simulado,71.9,1.7,8.4,3481.0,32.8,28.5,,0
2026-09-23T22:59:31+00:00,M02,simulado,72.1,1.8,8.5,3494.0,33.8,29.1,,0
2026-09-23T22:59:41+00:00,M02,simulado,71.8,1.7,8.2,3491.0,33.3,30.7,,0
2026-09-23T22:59:51+00:00,M02,simulado,71.6,1.6,8.2,3469.0,33.7,29.7,,0
2026-09-23T23:00:01+00:00,M02,simulado,71.5,1.8,8.0,3458.0,32.7,28.1,,0
2026-09-23T23:00:11+00:00,M02,simulado,71.4,1.8,8.2,3482.0,33.0,27.6,,0
2026-09-23T23:00:21+00:00,M02,simulado,71.5,1.6,8.2,3501.0,33.6,30.7,,0
2026-09-23T23:00:31+00:00,M02,simulado,71.4,1.7,8.0,3512.0,34.4,29.2,,0
2026-09-23T23:00:41+00:00,M02,simulado,71.3,1.7,7.9,3516.0,33.9,30.5,,0
2026-09-23T23:00:51+00:00,M02,simulado,71.4,1.7,7.7,3494.0,34.5,29.1,,0
2026-09-23T23:01:01+00:00,M02,simulado,71.4,1.6,7.9,3508.0,33.8,28.8,,0
2026-09-23T23:01:11+00:00,M02,simulado,71.5,1.7,7.7,3518.0,34.5,28.6,,0
2026-09-23T23:01:21+00:00,M02,simulado,71.5,1.9,7.9,3527.0,33.5,27.4,,0
2026-09-23T23:01:31+00:00,M02,simulado,71.5,2.1,7.8,3507.0,34.3,27.6,,0
2026-09-23T23:01:41+00:00,M02,simulado,71.6,2.0,7.6,3495.0,35.3,30.2,,0
2026-09-23T23:01:51+00:00,M02,simulado,71.6,1.8,7.4,3509.0,34.5,27.2,,0
2026-09-23T23:02:01+00:00,M02,simulado,71.7,1.6,7.4,3526.0,33.9,27.5,,0
2026-09-23T23:02:11+00:00,M02,simulado,71.5,1.7,7.3,3503.0,34.5,28.0,,0
2026-09-23T23:02:21+00:00,M02,simulado,71.5,1.8,7.4,3485.0,35.4,30.6,,0
2026-09-23T23:02:31+00:00,M02,simulado,71.5,1.7,7.2,3481.0,35.3,30.9,,0
2026-09-23T23:02:41+00:00,M02,simulado,71.6,1.9,7.4,3477.0,35.9,29.1,,0
2026-09-23T23:02:51+00:00,M02,simulado,71.8,1.8,7.4,3465.0,35.4,30.4,,0
2026-09-23T23:03:01+00:00,M02,simulado,71.7,1.7,7.5,3485.0,34.8,30.0,,0
2026-09-23T23:03:11+00:00,M02,simulado,71.6,1.5,7.6,3481.0,34.5,27.6,,0
2026-09-23T23:03:21+00:00,M02,simulado,71.7,1.6,7.6,3477.0,35.5,29.1,,0
2026-09-23T23:03:31+00:00,M02,simulado,71.8,1.6,7.7,3476.0,36.3,27.3,,0
2026-09-23T23:03:41+00:00,M02,simulado,71.8,1.7,7.8,3456.0,36.9,28.7,,0
2026-09-23T23:03:51+00:00,M02,simulado,71.7,1.5,7.8,3449.0,37.5,29.0,,0
2026-09-23T23:04:01+00:00,M02,simulado,71.5,1.3,7.5,3464.0,36.9,27.9,,0
2026-09-23T23:04:11+00:00,M02,simulado,71.6,1.4,7.7,3445.0,37.3,30.5,,0
2026-09-23T23:04:21+00:00,M02,simulado,71.6,1.6,8.0,3464.0,36.9,30.7,,0
2026-09-23T23:04:31+00:00,M02,simulado,71.7,1.6,7.8,3442.0,37.0,30.4,,0
2026-09-23T23:04:41+00:00,M02,simulado,71.7,1.4,7.8,3431.0,37.9,28.8,,0
2026-09-23T23:04:51+00:00,M02,simulado,71.9,1.4,8.0,3443.0,38.0,29.8,,0
2026-09-23T23:05:01+00:00,M02,simulado,72.0,1.2,8.0,3436.0,37.7,27.9,,0
2026-09-23T23:05:11+00:00,M02,simulado,72.1,1.1,8.2,3436.0,38.0,28.3,,0
2026-09-23T23:05:21+00:00,M02,simulado,72.1,1.0,8.4,3434.0,37.5,28.3,,0
2026-09-23T23:05:31+00:00,M02,simulado,71.9,1.0,8.4,3420.0,37.9,28.0,,0
2026-09-23T23:05:41+00:00,M02,simulado,71.8,1.0,8.4,3431.0,37.4,28.6,,0
2026-09-23T23:05:51+00:00,M02,simulado,71.8,1.2,8.2,3420.0,38.0,28.9,,0
2026-09-23T23:06:01+00:00,M02,simulado,71.8,1.3,8.0,3420.0,37.3,30.0,,0
2026-09-23T23:06:11+00:00,M02,simulado,71.6,1.4,7.7,3433.0,37.5,29.2,,0
2026-09-23T23:06:21+00:00,M02,simulado,71.7,1.3,7.6,3453.0,38.0,28.4,,0
2026-09-23T23:06:31+00:00,M02,simulado,71.6,1.1,7.7,3458.0,38.0,29.9,,0
2026-09-23T23:06:41+00:00,M02,simulado,71.8,1.0,7.8,3481.0,38.0,29.9,,0
2026-09-23T23:06:51+00:00,M02,simulado,71.8,1.2,7.6,3470.0,37.9,30.7,,0
2026-09-23T23:07:01+00:00,M02,simulado,71.7,1.2,7.7,3453.0,37.3,31.0,,0
2026-09-23T23:07:11+00:00,M02,simulado,71.7,1.3,8.0,3477.0,37.4,30.0,,0
2026-09-23T23:07:21+00:00,M02,simulado,71.6,1.2,8.0,3482.0,38.0,30.8,,0
2026-09-23T23:07:31+00:00,M02,simulado,71.5,1.1,8.3,3481.0,37.9,29.1,,0
2026-09-23T23:07:41+00:00,M02,simulado,71.8,1.0,8.3,3492.0,37.9,29.8,,0
2026-09-23T23:07:51+00:00,M02,simulado,72.0,1.0,8.5,3467.0,38.0,30.5,,0
2026-09-23T23:08:01+00:00,M02,simulado,71.8,1.0,8.8,3485.0,38.0,28.9,,0
2026-09-23T23:08:11+00:00,M02,simulado,71.8,1.0,8.6,3508.0,37.8,27.9,,0
2026-09-23T23:08:21+00:00,M02,simulado,71.9,1.0,8.4,3529.0,37.4,30.1,,0
2026-09-23T23:08:31+00:00,M02,simulado,71.9,1.0,8.2,3509.0,36.9,27.3,,0
2026-09-23T23:08:41+00:00,M02,simulado,72.0,1.2,8.2,3496.0,37.6,29.6,,0
2026-09-23T23:08:51+00:00,M02,simulado,71.9,1.4,7.9,3510.0,36.7,29.6,,0
2026-09-23T23:09:01+00:00,M02,simulado,71.7,1.4,8.2,3507.0,36.3,27.6,,0
2026-09-23T23:09:11+00:00,M02,simulado,71.6,1.3,8.0,3513.0,36.5,31.0,,0
2026-09-23T23:09:21+00:00,M02,simulado,71.7,1.3,7.9,3526.0,37.1,28.1,,0
2026-09-23T23:09:31+00:00,M02,simulado,71.8,1.1,7.7,3505.0,37.6,28.7,,0
2026-09-23T23:09:41+00:00,M02,simulado,71.6,1.2,7.9,3509.0,36.9,28.2,,0
2026-09-23T23:09:51+00:00,M02,simulado,71.6,1.2,7.6,3506.0,36.5,30.5,,0
2026-09-23T23:10:01+00:00,M02,simulado,71.5,1.1,7.5,3509.0,35.6,28.6,,0
2026-09-23T23:10:11+00:00,M02,simulado,71.4,1.0,7.5,3487.0,36.5,29.1,,0
2026-09-23T23:10:21+00:00,M02,simulado,71.3,1.2,7.4,3499.0,36.8,30.4,,0
2026-09-23T23:10:31+00:00,M02,simulado,71.5,1.1,7.7,3490.0,36.6,28.8,,0
2026-09-23T23:10:41+00:00,M02,simulado,71.7,1.3,7.5,3466.0,36.3,30.2,,0
2026-09-23T23:10:51+00:00,M02,simulado,71.5,1.1,7.3,3453.0,37.0,30.1,,0
2026-09-23T23:11:01+00:00,M02,simulado,71.5,1.0,7.4,3440.0,37.7,28.7,,0
2026-09-23T23:11:11+00:00,M02,simulado,71.4,1.0,7.6,3447.0,37.1,27.3,,0
2026-09-23T23:11:21+00:00,M02,simulado,71.4,1.1,7.8,3437.0,36.8,29.0,,0
2026-09-23T23:11:31+00:00,M02,simulado,71.4,1.1,7.7,3434.0,37.7,29.7,,0
2026-09-23T23:11:41+00:00,M02,simulado,71.6,1.0,7.4,3441.0,38.0,29.0,,0
2026-09-23T23:11:51+00:00,M02,simulado,71.5,1.0,7.6,3433.0,37.7,28.7,,0
2026-09-23T23:12:01+00:00,M02,simulado,71.7,1.2,7.8,3430.0,38.0,28.3,,0
2026-09-23T23:12:11+00:00,M02,simulado,71.6,1.0,7.7,3449.0,37.9,28.1,,0
2026-09-23T23:12:21+00:00,M02,simulado,71.5,1.0,7.5,3430.0,38.0,28.5,,0
2026-09-23T23:12:31+00:00,M02,simulado,71.7,1.0,7.7,3444.0,38.0,30.3,,0
2026-09-23T23:12:41+00:00,M02,simulado,71.8,1.0,7.7,3430.0,38.0,28.3,,0
2026-09-23T23:12:51+00:00,M02,simulado,71.7,1.2,7.8,3423.0,37.7,30.6,,0
2026-09-23T23:13:01+00:00,M02,simulado,71.8,1.0,8.0,3446.0,37.5,27.2,,0
2026-09-23T23:13:11+00:00,M02,simulado,71.9,1.0,8.3,3431.0,36.8,30.2,,0
2026-09-23T23:13:21+00:00,M02,simulado,71.7,1.2,8.4,3434.0,36.9,29.5,,0
2026-09-23T23:13:31+00:00,M02,simulado,71.5,1.1,8.6,3420.0,36.5,29.0,,0
2026-09-23T23:13:41+00:00,M02,simulado,71.7,1.3,8.6,3420.0,37.3,27.3,,0
2026-09-23T23:13:51+00:00,M02,simulado,71.7,1.2,8.7,3420.0,36.4,28.1,,0
2026-09-23T23:14:01+00:00,M02,simulado,71.7,1.2,8.9,3426.0,37.1,28.0,,0
2026-09-23T23:14:11+00:00,M02,simulado,71.8,1.2,8.9,3420.0,37.0,27.9,,0
2026-09-23T23:14:21+00:00,M02,simulado,71.9,1.2,8.6,3420.0,36.4,28.5,,0
2026-09-23T23:14:31+00:00,M02,simulado,71.9,1.1,8.7,3422.0,37.2,27.5,,0
2026-09-23T23:14:41+00:00,M02,simulado,71.8,1.1,8.9,3420.0,37.2,28.2,,0
2026-09-23T23:14:51+00:00,M02,simulado,71.9,1.1,8.6,3420.0,36.5,28.0,,0
2026-09-23T23:15:01+00:00,M02,simulado,71.9,1.0,8.5,3420.0,37.3,27.6,,0
2026-09-23T23:15:11+00:00,M02,simulado,72.1,1.0,8.4,3420.0,37.7,27.7,,0
2026-09-23T23:15:21+00:00,M02,simulado,71.9,1.2,8.3,3420.0,38.0,30.0,,0
2026-09-23T23:15:31+00:00,M02,simulado,71.8,1.3,8.4,3443.0,37.1,29.1,,0
2026-09-23T23:15:41+00:00,M02,simulado,71.8,1.2,8.4,3462.0,37.0,29.1,,0
2026-09-23T23:15:51+00:00,M02,simulado,71.7,1.4,8.7,3457.0,36.8,29.7,,0
2026-09-23T23:16:01+00:00,M02,simulado,71.7,1.2,8.5,3455.0,37.3,28.7,,0
2026-09-23T23:16:11+00:00,M02,simulado,71.8,1.0,8.7,3455.0,37.8,28.0,,0
2026-09-23T23:16:21+00:00,M02,simulado,71.9,1.2,8.4,3434.0,37.8,30.1,,0
2026-09-23T23:16:31+00:00,M02,simulado,71.8,1.2,8.2,3440.0,36.9,28.7,,0
2026-09-23T23:16:41+00:00,M02,simulado,71.9,1.2,8.5,3428.0,37.7,28.2,,0
2026-09-23T23:16:51+00:00,M02,simulado,71.9,1.0,8.6,3452.0,38.0,28.5,,0
2026-09-23T23:17:01+00:00,M02,simulado,71.7,1.0,8.8,3465.0,38.0,29.6,,0
2026-09-23T23:17:11+00:00,M02,simulado,71.6,1.1,8.7,3445.0,37.3,27.5,,0
2026-09-23T23:17:21+00:00,M02,simulado,71.8,1.0,8.7,3456.0,37.1,28.7,,0
2026-09-23T23:17:31+00:00,M02,simulado,71.6,1.1,8.4,3431.0,37.2,29.5,,0
2026-09-23T23:17:41+00:00,M02,simulado,71.6,1.0,8.1,3438.0,36.4,31.1,,0
2026-09-23T23:17:51+00:00,M02,simulado,71.7,1.1,8.4,3445.0,37.2,27.6,,0
2026-09-23T23:18:01+00:00,M02,simulado,71.6,1.1,8.2,3468.0,36.9,27.8,,0
2026-09-23T23:18:11+00:00,M02,simulado,71.5,1.0,8.1,3474.0,36.3,30.7,,0
2026-09-23T23:18:21+00:00,M02,simulado,71.6,1.0,8.0,3495.0,37.0,27.9,,0
2026-09-23T23:18:31+00:00,M02,simulado,71.7,1.1,8.3,3487.0,36.2,30.3,,0
2026-09-23T23:18:41+00:00,M02,simulado,71.7,1.1,8.6,3484.0,37.0,30.1,,0
2026-09-23T23:18:51+00:00,M02,simulado,71.7,1.1,8.5,3490.0,37.3,28.9,,0
2026-09-23T23:19:01+00:00,M02,simulado,71.7,1.0,8.5,3504.0,36.4,28.0,,0
2026-09-23T23:19:11+00:00,M02,simulado,71.6,1.1,8.5,3512.0,36.2,28.2,,0
2026-09-23T23:19:21+00:00,M02,simulado,71.7,1.0,8.6,3490.0,36.7,30.7,,0
2026-09-23T23:19:31+00:00,M02,simulado,71.7,1.0,8.7,3503.0,36.7,30.5,,0
2026-09-23T23:19:41+00:00,M02,simulado,71.5,1.2,8.6,3497.0,36.2,29.0,,0
2026-09-23T23:19:51+00:00,M02,simulado,71.5,1.0,8.3,3497.0,36.1,29.2,,0
2026-09-23T23:20:01+00:00,M02,simulado,71.4,1.0,8.5,3496.0,36.6,29.6,,0
2026-09-23T23:20:11+00:00,M02,simulado,71.3,1.1,8.6,3518.0,36.2,27.7,,0
2026-09-23T23:20:21+00:00,M02,simulado,71.4,1.3,8.4,3525.0,37.1,27.3,,0
2026-09-23T23:20:31+00:00,M02,simulado,71.5,1.5,8.2,3522.0,38.0,30.6,,0
2026-09-23T23:20:41+00:00,M02,simulado,71.6,1.6,8.1,3513.0,38.0,30.5,,0
2026-09-23T23:20:51+00:00,M02,simulado,71.6,1.4,8.2,3522.0,37.0,28.6,,0
2026-09-23T23:21:01+00:00,M02,simulado,71.7,1.4,8.1,3525.0,37.8,28.4,,0
2026-09-23T23:21:11+00:00,M02,simulado,71.5,1.3,8.1,3549.0,38.0,29.2,,0
2026-09-23T23:21:21+00:00,M02,simulado,71.6,1.3,7.9,3535.0,38.0,29.7,,0
2026-09-23T23:21:31+00:00,M02,simulado,71.7,1.2,7.8,3526.0,37.9,28.9,,0
2026-09-23T23:21:41+00:00,M02,simulado,71.7,1.1,7.7,3501.0,37.7,29.9,,0
2026-09-23T23:21:51+00:00,M02,simulado,71.7,1.0,7.4,3483.0,37.7,29.0,,0
2026-09-23T23:22:01+00:00,M02,simulado,71.6,1.0,7.5,3493.0,36.9,28.0,,0
2026-09-23T23:22:11+00:00,M02,simulado,71.5,1.0,7.5,3505.0,37.8,30.8,,0
2026-09-23T23:22:21+00:00,M02,simulado,71.6,1.0,7.3,3527.0,37.0,30.7,,0
2026-09-23T23:22:31+00:00,M02,simulado,71.6,1.0,7.1,3508.0,37.8,28.6,,0
2026-09-23T23:22:41+00:00,M02,simulado,71.7,1.2,6.9,3491.0,37.4,28.5,,0
2026-09-23T23:22:51+00:00,M02,simulado,71.8,1.0,7.0,3503.0,37.9,29.3,,0
2026-09-23T23:23:01+00:00,M02,simulado,71.7,1.0,7.0,3518.0,37.5,30.0,,0
2026-09-23T23:23:11+00:00,M02,simulado,71.7,1.2,7.2,3540.0,37.3,29.7,,0
2026-09-23T23:23:21+00:00,M02,simulado,71.5,1.2,7.0,3530.0,36.6,30.6,,0
2026-09-23T23:23:31+00:00,M02,simulado,71.4,1.3,6.9,3530.0,36.0,30.5,,0
2026-09-23T23:23:41+00:00,M02,simulado,71.6,1.3,7.1,3507.0,35.2,28.9,,0
2026-09-23T23:23:51+00:00,M02,simulado,71.6,1.6,7.1,3513.0,36.0,30.9,,0
2026-09-23T23:24:01+00:00,M02,simulado,71.5,1.8,7.1,3523.0,35.5,30.9,,0
2026-09-23T23:24:11+00:00,M02,simulado,71.4,1.6,7.4,3529.0,35.5,30.9,,0
2026-09-23T23:24:21+00:00,M02,simulado,71.5,1.5,7.3,3518.0,36.3,30.5,,0
2026-09-23T23:24:31+00:00,M02,simulado,71.3,1.4,7.5,3541.0,35.6,28.7,,0
2026-09-23T23:24:41+00:00,M02,simulado,71.5,1.2,7.5,3522.0,36.3,29.5,,0
2026-09-23T23:24:51+00:00,M02,simulado,71.5,1.3,7.7,3505.0,36.0,31.1,,0
2026-09-23T23:25:01+00:00,M02,simulado,71.4,1.4,7.5,3502.0,36.4,30.8,,0
2026-09-23T23:25:11+00:00,M02,simulado,71.4,1.3,7.7,3477.0,37.2,29.1,,0
2026-09-23T23:25:21+00:00,M02,simulado,71.5,1.3,7.5,3472.0,38.0,29.1,,0
2026-09-23T23:25:31+00:00,M02,simulado,71.7,1.0,7.6,3470.0,37.6,29.5,,0
2026-09-23T23:25:41+00:00,M02,simulado,71.8,1.1,7.9,3480.0,36.9,29.4,,0
2026-09-23T23:25:51+00:00,M02,simulado,71.7,1.2,7.7,3483.0,37.7,28.4,,0
2026-09-23T23:26:01+00:00,M02,simulado,71.7,1.4,7.5,3491.0,37.1,31.1,,0
2026-09-23T23:26:11+00:00,M02,simulado,71.8,1.1,7.7,3506.0,36.3,27.8,,0
2026-09-23T23:26:21+00:00,M02,simulado,71.7,1.3,7.6,3508.0,37.1,30.5,,0
2026-09-23T23:26:31+00:00,M02,simulado,71.5,1.1,7.8,3519.0,37.6,28.4,,0
2026-09-23T23:26:41+00:00,M02,simulado,71.7,1.1,8.1,3494.0,38.0,28.1,,0
2026-09-23T23:26:51+00:00,M02,simulado,71.8,1.3,8.3,3508.0,38.0,29.2,,0
2026-09-23T23:27:01+00:00,M02,simulado,71.8,1.4,8.5,3513.0,37.6,30.4,,0
2026-09-23T23:27:11+00:00,M02,simulado,71.7,1.1,8.2,3500.0,37.7,29.4,,0
2026-09-23T23:27:21+00:00,M02,simulado,71.7,1.0,8.0,3478.0,37.4,30.2,,0
2026-09-23T23:27:31+00:00,M02,simulado,71.5,1.0,8.2,3472.0,38.0,29.0,,0
2026-09-23T23:27:41+00:00,M02,simulado,71.5,1.1,7.9,3474.0,38.0,29.9,,0
2026-09-23T23:27:51+00:00,M02,simulado,71.6,1.0,8.1,3484.0,38.0,28.2,,0
2026-09-23T23:28:01+00:00,M02,simulado,71.5,1.1,8.1,3488.0,37.7,28.4,,0
2026-09-23T23:28:11+00:00,M02,simulado,71.7,1.0,7.9,3496.0,37.0,27.5,,0
2026-09-23T23:28:21+00:00,M02,simulado,71.8,1.0,8.1,3504.0,37.1,30.5,,0
2026-09-23T23:28:31+00:00,M02,simulado,71.8,1.0,8.0,3521.0,37.1,28.5,,0
2026-09-23T23:28:41+00:00,M02,simulado,71.9,1.1,7.8,3545.0,36.2,30.4,,0
2026-09-23T23:28:51+00:00,M02,simulado,71.7,1.0,7.8,3537.0,35.8,28.7,,0
2026-09-23T23:29:01+00:00,M02,simulado,71.9,1.0,7.9,3535.0,36.6,30.7,,0
2026-09-23T23:29:11+00:00,M02,simulado,71.7,1.1,8.2,3550.0,37.4,29.8,,0
2026-09-23T23:29:21+00:00,M02,simulado,71.7,1.0,8.1,3549.0,36.8,28.4,,0
2026-09-23T23:29:31+00:00,M02,simulado,71.6,1.0,8.1,3568.0,36.5,28.4,,0
2026-09-23T23:29:41+00:00,M02,simulado,71.6,1.0,8.1,3580.0,36.8,28.7,,0
2026-09-23T23:29:51+00:00,M02,simulado,71.5,1.2,8.0,3580.0,37.7,28.8,,0
2026-09-23T23:30:01+00:00,M02,simulado,71.4,1.4,8.2,3574.0,38.0,30.8,,0
2026-09-23T23:30:11+00:00,M02,simulado,71.5,1.4,8.1,3575.0,38.0,27.7,,0
2026-09-23T23:30:21+00:00,M02,simulado,71.7,1.5,8.4,3576.0,38.0,30.0,,0
2026-09-23T23:30:31+00:00,M02,simulado,71.6,1.4,8.5,3580.0,37.7,29.9,,0
2026-09-23T23:30:41+00:00,M02,simulado,71.8,1.3,8.6,3564.0,36.8,29.7,,0
2026-09-23T23:30:51+00:00,M02,simulado,71.5,1.2,8.7,3544.0,37.4,28.7,,0
2026-09-23T23:31:01+00:00,M02,simulado,71.6,1.3,8.8,3551.0,36.4,31.0,,0
2026-09-23T23:31:11+00:00,M02,simulado,71.6,1.3,8.9,3548.0,36.2,30.1,,0
2026-09-23T23:31:21+00:00,M02,simulado,71.5,1.4,8.7,3564.0,35.9,28.6,,0
2026-09-23T23:31:31+00:00,M02,simulado,71.6,1.3,8.5,3539.0,36.6,30.4,,0
2026-09-23T23:31:41+00:00,M02,simulado,71.8,1.3,8.4,3547.0,37.6,28.4,,0
2026-09-23T23:31:51+00:00,M02,simulado,71.8,1.5,8.1,3551.0,38.0,28.7,,0
2026-09-23T23:32:01+00:00,M02,simulado,71.7,1.6,8.2,3551.0,37.5,28.3,,0
2026-09-23T23:32:11+00:00,M02,simulado,71.7,1.4,8.0,3537.0,37.1,28.0,,0
2026-09-23T23:32:21+00:00,M02,simulado,71.6,1.6,8.1,3520.0,37.3,28.1,,0
2026-09-23T23:32:31+00:00,M02,simulado,71.6,1.5,8.3,3511.0,37.1,29.4,,0
2026-09-23T23:32:41+00:00,M02,simulado,71.6,1.6,8.1,3495.0,36.8,27.6,,0
2026-09-23T23:32:51+00:00,M02,simulado,71.7,1.6,8.4,3495.0,37.4,31.1,,0
2026-09-23T23:33:01+00:00,M02,simulado,71.8,1.8,8.2,3485.0,38.0,29.0,,0
2026-09-23T23:33:11+00:00,M02,simulado,71.7,2.0,8.5,3493.0,38.0,28.9,,0
2026-09-23T23:33:21+00:00,M02,simulado,71.8,1.9,8.8,3515.0,37.6,29.4,,0
2026-09-23T23:33:31+00:00,M02,simulado,71.9,1.9,8.5,3503.0,36.7,27.5,,0
2026-09-23T23:33:41+00:00,M02,simulado,71.6,2.1,8.5,3523.0,36.1,29.9,,0
2026-09-23T23:33:51+00:00,M02,simulado,71.5,2.2,8.4,3504.0,36.9,28.1,,0
2026-09-23T23:34:01+00:00,M02,simulado,71.3,2.0,8.5,3526.0,36.8,28.1,,0
2026-09-23T23:34:11+00:00,M02,simulado,71.4,2.1,8.4,3541.0,36.5,30.5,,0
2026-09-23T23:34:21+00:00,M02,simulado,71.4,2.2,8.3,3521.0,36.7,30.7,,0
2026-09-23T23:34:31+00:00,M02,simulado,71.3,2.3,8.2,3502.0,36.0,27.7,,0
2026-09-23T23:34:41+00:00,M02,simulado,71.2,2.3,8.2,3514.0,35.3,31.5,,0
2026-09-23T23:34:51+00:00,M02,simulado,71.2,2.3,8.5,3519.0,36.0,30.4,,0
2026-09-23T23:35:01+00:00,M02,simulado,71.2,2.1,8.6,3528.0,35.1,28.6,,0
2026-09-23T23:35:11+00:00,M02,simulado,71.4,1.9,8.6,3532.0,34.8,29.8,,0
2026-09-23T23:35:21+00:00,M02,simulado,71.4,1.7,8.6,3529.0,35.4,28.5,,0
2026-09-23T23:35:31+00:00,M02,simulado,71.5,1.8,8.8,3541.0,35.2,31.3,,0
2026-09-23T23:35:41+00:00,M02,simulado,71.6,1.8,8.9,3551.0,35.6,29.8,,0
2026-09-23T23:35:51+00:00,M02,simulado,71.7,1.7,8.6,3549.0,35.4,31.0,,0
2026-09-23T23:36:01+00:00,M02,simulado,71.7,1.7,8.7,3538.0,35.0,30.6,,0
2026-09-23T23:36:11+00:00,M02,simulado,71.8,1.6,8.8,3514.0,34.1,29.5,,0
2026-09-23T23:36:21+00:00,M02,simulado,71.7,1.3,8.9,3520.0,34.2,27.6,,0
2026-09-23T23:36:31+00:00,M02,simulado,71.6,1.2,8.9,3542.0,34.4,30.0,,0
2026-09-23T23:36:41+00:00,M02,simulado,71.3,1.3,8.9,3558.0,35.4,31.1,,0
2026-09-23T23:36:51+00:00,M02,simulado,71.3,1.4,8.7,3570.0,34.6,27.9,,0
2026-09-23T23:37:01+00:00,M02,simulado,71.4,1.6,8.5,3580.0,34.1,28.5,,0
2026-09-23T23:37:11+00:00,M02,simulado,71.5,1.4,8.8,3580.0,33.8,31.1,,0
2026-09-23T23:37:21+00:00,M02,simulado,71.5,1.3,8.8,3580.0,33.9,30.6,,0
2026-09-23T23:37:31+00:00,M02,simulado,71.5,1.4,8.8,3579.0,33.6,31.4,,0
2026-09-23T23:37:41+00:00,M02,simulado,71.7,1.4,8.7,3580.0,33.4,30.9,,0
2026-09-23T23:37:51+00:00,M02,simulado,71.7,1.4,8.7,3580.0,32.7,28.5,,0
2026-09-23T23:38:01+00:00,M02,simulado,71.6,1.4,8.5,3580.0,32.6,30.5,,0
2026-09-23T23:38:11+00:00,M02,simulado,71.5,1.3,8.7,3569.0,32.8,30.8,,0
2026-09-23T23:38:21+00:00,M02,simulado,71.3,1.2,8.6,3569.0,33.7,28.3,,0
2026-09-23T23:38:31+00:00,M02,simulado,71.2,1.3,8.5,3547.0,33.9,30.5,,0
2026-09-23T23:38:41+00:00,M02,simulado,71.3,1.2,8.3,3523.0,33.6,30.7,,0
2026-09-23T23:38:51+00:00,M02,simulado,71.3,1.2,8.5,3541.0,34.0,29.7,,0
2026-09-23T23:39:01+00:00,M02,simulado,71.3,1.0,8.7,3560.0,35.0,30.2,,0
2026-09-23T23:39:11+00:00,M02,simulado,71.4,1.1,8.7,3547.0,34.3,29.5,,0
2026-09-23T23:39:21+00:00,M02,simulado,71.5,1.0,8.5,3528.0,35.2,28.4,,0
2026-09-23T23:39:31+00:00,M02,simulado,71.4,1.1,8.7,3524.0,35.0,29.4,,0
2026-09-23T23:39:41+00:00,M02,simulado,71.4,1.0,8.6,3501.0,34.6,29.6,,0
2026-09-23T23:39:51+00:00,M02,simulado,71.5,1.0,8.6,3507.0,33.9,28.6,,0
2026-09-23T23:40:01+00:00,M02,simulado,71.5,1.2,8.4,3509.0,34.5,28.0,,0
2026-09-23T23:40:11+00:00,M02,simulado,71.3,1.3,8.5,3506.0,34.8,30.3,,0
2026-09-23T23:40:21+00:00,M02,simulado,71.5,1.1,8.7,3496.0,35.0,28.0,,0
2026-09-23T23:40:31+00:00,M02,simulado,71.4,1.2,8.5,3482.0,35.6,29.9,,0
2026-09-23T23:40:41+00:00,M02,simulado,71.4,1.2,8.5,3466.0,36.5,31.3,,0
2026-09-23T23:40:51+00:00,M02,simulado,71.4,1.1,8.5,3470.0,37.3,30.3,,0
2026-09-23T23:41:01+00:00,M02,simulado,71.4,1.2,8.3,3461.0,38.0,29.4,,0
2026-09-23T23:41:11+00:00,M02,simulado,71.6,1.3,8.1,3440.0,38.0,31.4,,0
2026-09-23T23:41:21+00:00,M02,simulado,71.8,1.2,8.0,3435.0,37.3,28.5,,0
2026-09-23T23:41:31+00:00,M02,simulado,71.7,1.1,8.1,3434.0,36.4,28.7,,0
2026-09-23T23:41:41+00:00,M02,simulado,71.8,1.1,8.2,3438.0,36.2,31.3,,0
2026-09-23T23:41:51+00:00,M02,simulado,71.8,1.0,8.5,3440.0,35.2,28.6,,0
2026-09-23T23:42:01+00:00,M02,simulado,71.8,1.1,8.5,3442.0,35.4,28.7,,0
2026-09-23T23:42:11+00:00,M02,simulado,71.7,1.0,8.3,3440.0,35.8,28.0,,0
2026-09-23T23:42:21+00:00,M02,simulado,71.8,1.3,8.6,3432.0,35.3,29.6,,0
2026-09-23T23:42:31+00:00,M02,simulado,71.8,1.2,8.4,3420.0,35.8,29.6,,0
2026-09-23T23:42:41+00:00,M02,simulado,71.6,1.3,8.2,3420.0,34.9,30.2,,0
2026-09-23T23:42:51+00:00,M02,simulado,71.4,1.3,8.1,3424.0,34.1,27.8,,0
2026-09-23T23:43:01+00:00,M02,simulado,71.2,1.3,8.2,3446.0,34.9,28.3,,0
2026-09-23T23:43:11+00:00,M02,simulado,71.4,1.1,8.4,3437.0,35.7,29.9,,0
2026-09-23T23:43:21+00:00,M02,simulado,71.3,1.4,8.5,3450.0,35.4,30.8,,0
2026-09-23T23:43:31+00:00,M02,simulado,71.3,1.2,8.7,3429.0,35.6,31.4,,0
2026-09-23T23:43:41+00:00,M02,simulado,71.2,1.0,8.9,3420.0,35.1,30.7,,0
2026-09-23T23:43:51+00:00,M02,simulado,71.1,1.1,8.9,3444.0,35.5,28.1,,0
2026-09-23T23:44:01+00:00,M02,simulado,71.3,1.3,8.9,3434.0,35.5,30.0,,0
2026-09-23T23:44:11+00:00,M02,simulado,71.4,1.2,8.7,3431.0,36.1,30.1,,0
2026-09-23T23:44:21+00:00,M02,simulado,71.5,1.1,8.5,3424.0,36.5,28.4,,0
2026-09-23T23:44:31+00:00,M02,simulado,71.6,1.1,8.6,3420.0,35.6,30.4,,0
2026-09-23T23:44:41+00:00,M02,simulado,71.6,1.3,8.4,3420.0,36.4,31.6,,0
2026-09-23T23:44:51+00:00,M02,simulado,71.7,1.2,8.1,3420.0,36.1,29.0,,0
2026-09-23T23:45:01+00:00,M02,simulado,71.5,1.4,8.1,3420.0,35.7,28.4,,0
2026-09-23T23:45:11+00:00,M02,simulado,71.3,1.4,8.2,3420.0,36.2,29.2,,0
2026-09-23T23:45:21+00:00,M02,simulado,71.2,1.3,8.3,3420.0,36.1,31.0,,0
2026-09-23T23:45:31+00:00,M02,simulado,71.2,1.4,8.1,3434.0,35.9,28.3,,0
2026-09-23T23:45:41+00:00,M02,simulado,71.2,1.1,8.2,3431.0,35.5,28.7,,0
2026-09-23T23:45:51+00:00,M02,simulado,71.4,1.2,8.4,3426.0,36.0,31.4,,0
2026-09-23T23:46:01+00:00,M02,simulado,71.3,1.4,8.1,3446.0,35.3,29.0,,0
2026-09-23T23:46:11+00:00,M02,simulado,71.2,1.3,8.1,3434.0,35.2,27.7,,0
2026-09-23T23:46:21+00:00,M02,simulado,71.4,1.3,8.0,3420.0,35.7,27.8,,0
2026-09-23T23:46:31+00:00,M02,simulado,71.5,1.3,8.1,3444.0,35.5,28.5,,0
2026-09-23T23:46:41+00:00,M02,simulado,71.5,1.2,8.2,3460.0,35.7,29.2,,0
2026-09-23T23:46:51+00:00,M02,simulado,71.4,1.3,8.2,3436.0,34.8,28.1,,0
2026-09-23T23:47:01+00:00,M02,simulado,71.3,1.4,8.0,3430.0,34.3,31.5,,0
2026-09-23T23:47:11+00:00,M02,simulado,71.3,1.3,7.7,3420.0,35.1,31.5,,0
2026-09-23T23:47:21+00:00,M02,simulado,71.2,1.1,8.0,3420.0,35.1,29.5,,0
2026-09-23T23:47:31+00:00,M02,simulado,71.1,1.1,7.9,3433.0,35.4,29.5,,0
2026-09-23T23:47:41+00:00,M02,simulado,71.2,1.0,8.1,3425.0,35.6,31.0,,0
2026-09-23T23:47:51+00:00,M02,simulado,71.2,1.0,8.3,3429.0,36.5,30.0,,0
2026-09-23T23:48:01+00:00,M02,simulado,71.1,1.0,8.3,3420.0,36.3,31.7,,0
2026-09-23T23:48:11+00:00,M02,simulado,71.2,1.0,8.5,3428.0,35.8,30.3,,0
2026-09-23T23:48:21+00:00,M02,simulado,71.4,1.3,8.7,3420.0,35.4,31.0,,0
2026-09-23T23:48:31+00:00,M02,simulado,71.5,1.1,8.9,3441.0,36.1,28.4,,0
2026-09-23T23:48:41+00:00,M02,simulado,71.5,1.0,8.6,3420.0,36.1,28.0,,0
2026-09-23T23:48:51+00:00,M02,simulado,71.3,1.0,8.4,3420.0,35.1,28.0,,0
2026-09-23T23:49:01+00:00,M02,simulado,71.3,1.3,8.6,3420.0,35.5,27.8,,0
2026-09-23T23:49:11+00:00,M02,simulado,71.4,1.3,8.8,3420.0,36.5,30.4,,0
2026-09-23T23:49:21+00:00,M02,simulado,71.3,1.2,8.9,3425.0,35.7,30.8,,0
2026-09-23T23:49:31+00:00,M02,simulado,71.1,1.0,8.9,3420.0,36.0,31.3,,0
2026-09-23T23:49:41+00:00,M02,simulado,71.2,1.0,8.7,3420.0,36.5,28.4,,0
2026-09-23T23:49:51+00:00,M02,simulado,71.4,1.0,8.7,3440.0,36.9,28.5,,0
2026-09-23T23:50:01+00:00,M02,simulado,71.6,1.0,8.5,3461.0,37.7,29.7,,0
2026-09-23T23:50:11+00:00,M02,simulado,71.4,1.0,8.4,3472.0,37.0,28.4,,0
2026-09-23T23:50:21+00:00,M02,simulado,71.5,1.0,8.6,3486.0,36.0,28.5,,0
2026-09-23T23:50:31+00:00,M02,simulado,71.6,1.0,8.8,3501.0,36.9,28.8,,0
2026-09-23T23:50:41+00:00,M02,simulado,71.5,1.0,8.9,3488.0,36.7,30.1,,0
2026-09-23T23:50:51+00:00,M02,simulado,71.4,1.0,8.6,3502.0,37.0,31.5,,0
2026-09-23T23:51:01+00:00,M02,simulado,71.5,1.0,8.4,3491.0,36.1,28.7,,0
2026-09-23T23:51:11+00:00,M02,simulado,71.4,1.1,8.5,3488.0,36.2,28.5,,0
2026-09-23T23:51:21+00:00,M02,simulado,71.4,1.3,8.2,3486.0,36.7,27.8,,0
2026-09-23T23:51:31+00:00,M02,simulado,71.2,1.3,8.0,3481.0,36.1,29.9,,0
2026-09-23T23:51:41+00:00,M02,simulado,71.2,1.4,7.9,3495.0,36.1,28.1,,0
2026-09-23T23:51:51+00:00,M02,simulado,71.5,1.5,7.8,3515.0,35.7,31.0,,0
2026-09-23T23:52:01+00:00,M02,simulado,71.4,1.5,7.5,3523.0,35.5,28.5,,0
2026-09-23T23:52:11+00:00,M02,simulado,71.2,1.3,7.5,3544.0,36.5,30.0,,0
2026-09-23T23:52:21+00:00,M02,simulado,71.2,1.2,7.3,3543.0,36.6,29.9,,0
2026-09-23T23:52:31+00:00,M02,simulado,71.4,1.3,7.0,3540.0,37.6,31.1,,0
2026-09-23T23:52:41+00:00,M02,simulado,71.5,1.1,6.9,3548.0,38.0,28.4,,0
2026-09-23T23:52:51+00:00,M02,simulado,71.3,1.0,6.6,3559.0,37.4,28.5,,0
2026-09-23T23:53:01+00:00,M02,simulado,71.4,1.0,6.9,3542.0,37.8,30.6,,0
2026-09-23T23:53:11+00:00,M02,simulado,71.3,1.0,7.0,3565.0,38.0,28.8,,0
2026-09-23T23:53:21+00:00,M02,simulado,71.1,1.0,6.9,3543.0,38.0,28.7,,0
2026-09-23T23:53:31+00:00,M02,simulado,71.3,1.0,7.2,3519.0,38.0,31.2,,0
2026-09-23T23:53:41+00:00,M02,simulado,71.3,1.2,7.4,3503.0,38.0,31.6,,0
2026-09-23T23:53:51+00:00,M02,simulado,71.2,1.2,7.2,3523.0,37.8,29.1,,0
2026-09-23T23:54:01+00:00,M02,simulado,71.4,1.3,7.0,3542.0,38.0,30.1,,0
2026-09-23T23:54:11+00:00,M02,simulado,71.5,1.1,7.3,3562.0,38.0,31.1,,0
2026-09-23T23:54:21+00:00,M02,simulado,71.4,1.4,7.0,3549.0,38.0,29.1,,0
2026-09-23T23:54:31+00:00,M02,simulado,71.2,1.6,7.0,3529.0,37.6,31.2,,0
2026-09-23T23:54:41+00:00,M02,simulado,71.2,1.5,6.8,3524.0,37.9,30.8,,0
2026-09-23T23:54:51+00:00,M02,simulado,71.2,1.2,6.8,3510.0,38.0,28.3,,0
2026-09-23T23:55:01+00:00,M02,simulado,71.2,1.1,6.5,3497.0,37.0,28.4,,0
2026-09-23T23:55:11+00:00,M02,simulado,71.0,1.3,6.4,3511.0,37.3,28.2,,0
2026-09-23T23:55:21+00:00,M02,simulado,71.3,1.5,6.5,3505.0,36.4,28.5,,0
2026-09-23T23:55:31+00:00,M02,simulado,71.3,1.5,6.7,3508.0,35.8,30.8,,0
2026-09-23T23:55:41+00:00,M02,simulado,71.4,1.4,6.6,3500.0,36.4,29.0,,0
2026-09-23T23:55:51+00:00,M02,simulado,71.3,1.4,6.9,3518.0,35.6,30.1,,0
2026-09-23T23:56:01+00:00,M02,simulado,71.4,1.5,6.8,3536.0,35.5,28.2,,0
2026-09-23T23:56:11+00:00,M02,simulado,71.4,1.4,6.7,3521.0,36.2,28.3,,0
2026-09-23T23:56:21+00:00,M02,simulado,71.1,1.4,6.8,3545.0,37.1,30.9,,0
2026-09-23T23:56:31+00:00,M02,simulado,71.0,1.3,6.6,3542.0,36.4,31.3,,0
2026-09-23T23:56:41+00:00,M02,simulado,71.0,1.5,6.4,3557.0,36.3,28.7,,0
2026-09-23T23:56:51+00:00,M02,simulado,71.2,1.6,6.4,3543.0,36.5,29.9,,0
2026-09-23T23:57:01+00:00,M02,simulado,71.1,1.7,6.3,3547.0,37.1,29.4,,0
2026-09-23T23:57:11+00:00,M02,simulado,71.0,1.7,6.3,3555.0,37.6,31.7,,0
2026-09-23T23:57:21+00:00,M02,simulado,70.9,1.6,6.1,3560.0,38.0,28.3,,0
2026-09-23T23:57:31+00:00,M02,simulado,70.8,1.5,6.0,3577.0,37.3,30.0,,0
2026-09-23T23:57:41+00:00,M02,simulado,70.9,1.6,6.0,3570.0,38.0,28.7,,0
2026-09-23T23:57:51+00:00,M02,simulado,71.1,1.5,6.0,3579.0,38.0,30.5,,0
2026-09-23T23:58:01+00:00,M02,simulado,71.0,1.4,6.0,3565.0,37.5,27.9,,0
2026-09-23T23:58:11+00:00,M02,simulado,71.2,1.2,6.2,3554.0,38.0,28.5,,0
2026-09-23T23:58:21+00:00,M02,simulado,71.3,1.2,6.5,3563.0,37.8,28.1,,0
2026-09-23T23:58:31+00:00,M02,simulado,71.4,1.2,6.3,3580.0,37.7,29.0,,0
2026-09-23T23:58:41+00:00,M02,simulado,71.4,1.0,6.4,3580.0,37.9,30.8,,0
2026-09-23T23:58:51+00:00,M02,simulado,71.2,1.2,6.5,3576.0,37.4,30.9,,0
2026-09-23T23:59:01+00:00,M02,simulado,71.0,1.4,6.8,3555.0,38.0,29.8,,0
2026-09-23T23:59:11+00:00,M02,simulado,71.2,1.4,7.0,3563.0,37.3,29.3,,0
2026-09-23T23:59:21+00:00,M02,simulado,71.3,1.2,7.2,3580.0,37.2,31.6,,0
2026-09-23T23:59:31+00:00,M02,simulado,71.3,1.2,7.5,3580.0,38.0,29.1,,0
2026-09-23T23:59:41+00:00,M02,simulado,71.5,1.2,7.4,3570.0,37.8,31.5,,0
2026-09-23T23:59:51+00:00,M02,simulado,71.5,1.0,7.6,3575.0,36.9,31.5,,0
2026-09-24T00:00:01+00:00,M02,simulado,71.3,1.0,7.6,3551.0,36.2,29.4,,0
2026-09-24T00:00:11+00:00,M02,simulado,71.2,1.0,7.5,3553.0,35.3,31.8,,0
2026-09-24T00:00:21+00:00,M02,simulado,71.1,1.1,7.7,3560.0,34.4,29.5,,0
2026-09-24T00:00:31+00:00,M02,simulado,71.1,1.1,7.7,3580.0,34.6,28.1,,0
2026-09-24T00:00:41+00:00,M02,simulado,71.1,1.0,7.8,3580.0,33.7,30.8,,0
2026-09-24T00:00:51+00:00,M02,simulado,71.1,1.0,7.7,3580.0,33.7,28.5,,0
2026-09-24T00:01:01+00:00,M02,simulado,71.2,1.2,7.8,3570.0,33.2,29.1,,0
2026-09-24T00:01:11+00:00,M02,simulado,71.1,1.2,7.9,3562.0,32.3,31.9,,0
2026-09-24T00:01:21+00:00,M02,simulado,71.3,1.3,8.1,3570.0,32.2,31.0,,0
2026-09-24T00:01:31+00:00,M02,simulado,71.1,1.5,8.3,3580.0,32.7,31.7,,0
2026-09-24T00:01:41+00:00,M02,simulado,71.1,1.4,8.1,3559.0,32.7,28.1,,0
2026-09-24T00:01:51+00:00,M02,simulado,71.0,1.6,7.9,3548.0,33.0,29.1,,0
2026-09-24T00:02:01+00:00,M02,simulado,71.0,1.8,7.9,3543.0,32.7,28.2,,0
2026-09-24T00:02:11+00:00,M02,simulado,71.1,1.9,7.8,3562.0,33.6,29.0,,0
2026-09-24T00:02:21+00:00,M02,simulado,71.2,1.7,7.9,3558.0,33.2,28.9,,0
2026-09-24T00:02:31+00:00,M02,simulado,71.2,1.8,7.7,3580.0,33.8,30.3,,0
2026-09-24T00:02:41+00:00,M02,simulado,71.0,1.6,7.7,3561.0,34.1,29.3,,0
2026-09-24T00:02:51+00:00,M02,simulado,71.2,1.4,7.9,3552.0,35.0,29.9,,0
2026-09-24T00:03:01+00:00,M02,simulado,71.0,1.4,7.9,3528.0,35.9,29.8,,0
2026-09-24T00:03:11+00:00,M02,simulado,70.9,1.5,7.6,3545.0,36.8,29.7,,0
2026-09-24T00:03:21+00:00,M02,simulado,71.1,1.6,7.5,3544.0,36.4,30.4,,0
2026-09-24T00:03:31+00:00,M02,simulado,71.1,1.8,7.7,3535.0,36.7,29.2,,0
2026-09-24T00:03:41+00:00,M02,simulado,71.1,1.7,7.8,3521.0,36.1,30.0,,0
2026-09-24T00:03:51+00:00,M02,simulado,71.0,1.8,7.9,3498.0,35.3,30.7,,0
2026-09-24T00:04:01+00:00,M02,simulado,70.9,1.6,7.7,3496.0,34.4,30.8,,0
2026-09-24T00:04:11+00:00,M02,simulado,71.1,1.4,7.4,3520.0,33.7,29.9,,0
2026-09-24T00:04:21+00:00,M02,simulado,70.9,1.6,7.2,3498.0,34.5,28.2,,0
2026-09-24T00:04:31+00:00,M02,simulado,71.0,1.8,7.2,3477.0,33.8,30.0,,0
2026-09-24T00:04:41+00:00,M02,simulado,70.9,1.7,6.9,3487.0,34.3,31.8,,0
2026-09-24T00:04:51+00:00,M02,simulado,70.8,1.7,6.9,3494.0,34.6,31.3,,0
2026-09-24T00:05:01+00:00,M02,simulado,71.0,1.8,7.1,3487.0,34.2,29.0,,0
2026-09-24T00:05:11+00:00,M02,simulado,70.8,1.7,6.9,3502.0,34.5,28.9,,0
2026-09-24T00:05:21+00:00,M02,simulado,71.0,1.6,7.0,3481.0,34.1,30.1,,0
2026-09-24T00:05:31+00:00,M02,simulado,71.0,1.5,7.0,3490.0,33.8,28.2,,0
2026-09-24T00:05:41+00:00,M02,simulado,71.0,1.5,6.9,3489.0,33.7,29.7,,0
2026-09-24T00:05:51+00:00,M02,simulado,70.9,1.3,6.8,3499.0,32.7,28.7,,0
2026-09-24T00:06:01+00:00,M02,simulado,71.0,1.5,6.7,3519.0,31.9,31.9,,0
2026-09-24T00:06:11+00:00,M02,simulado,71.2,1.4,6.4,3528.0,31.1,31.5,,0
2026-09-24T00:06:21+00:00,M02,simulado,71.0,1.4,6.3,3549.0,31.9,31.2,,0
2026-09-24T00:06:31+00:00,M02,simulado,70.9,1.4,6.1,3572.0,32.4,28.4,,0
2026-09-24T00:06:41+00:00,M02,simulado,70.8,1.3,6.0,3561.0,32.8,28.4,,0
2026-09-24T00:06:51+00:00,M02,simulado,71.0,1.3,6.1,3573.0,32.9,30.2,,0
2026-09-24T00:07:01+00:00,M02,simulado,71.0,1.4,6.3,3564.0,33.6,29.8,,0
2026-09-24T00:07:11+00:00,M02,simulado,71.2,1.5,6.4,3554.0,34.0,30.6,,0
2026-09-24T00:07:21+00:00,M02,simulado,71.3,1.5,6.4,3575.0,33.5,29.4,,0
2026-09-24T00:07:31+00:00,M02,simulado,71.3,1.4,6.4,3550.0,33.4,30.8,,0
2026-09-24T00:07:41+00:00,M02,simulado,71.3,1.3,6.3,3558.0,32.9,30.1,,0
2026-09-24T00:07:51+00:00,M02,simulado,71.1,1.4,6.2,3580.0,33.9,30.5,,0
2026-09-24T00:08:01+00:00,M02,simulado,71.3,1.6,6.4,3571.0,34.2,30.9,,0
2026-09-24T00:08:11+00:00,M02,simulado,71.3,1.6,6.5,3568.0,34.6,28.8,,0
2026-09-24T00:08:21+00:00,M02,simulado,71.1,1.8,6.2,3580.0,34.3,31.2,,0
2026-09-24T00:08:31+00:00,M02,simulado,71.0,1.7,6.1,3579.0,33.4,31.8,,0
2026-09-24T00:08:41+00:00,M02,simulado,71.1,1.8,6.1,3567.0,33.4,32.1,,0
2026-09-24T00:08:51+00:00,M02,simulado,71.0,1.7,6.1,3580.0,33.4,30.1,,0
2026-09-24T00:09:01+00:00,M02,simulado,71.1,1.9,6.0,3580.0,33.2,29.4,,0
2026-09-24T00:09:11+00:00,M02,simulado,71.1,2.0,6.0,3570.0,32.4,31.5,,0
2026-09-24T00:09:21+00:00,M02,simulado,71.3,2.1,6.2,3557.0,33.3,31.4,,0
2026-09-24T00:09:31+00:00,M02,simulado,71.4,2.1,6.2,3552.0,32.3,31.8,,0
2026-09-24T00:09:41+00:00,M02,simulado,71.1,2.3,6.0,3531.0,31.6,31.1,,0
2026-09-24T00:09:51+00:00,M02,simulado,71.0,2.5,6.0,3529.0,30.7,32.1,,0
2026-09-24T00:10:01+00:00,M02,simulado,70.9,2.7,6.0,3540.0,31.1,30.8,,0
2026-09-24T00:10:11+00:00,M02,simulado,70.9,2.8,6.0,3530.0,32.1,29.2,,0
2026-09-24T00:10:21+00:00,M02,simulado,71.2,2.6,6.0,3539.0,32.1,31.8,,0
2026-09-24T00:10:31+00:00,M02,simulado,71.1,2.4,6.0,3550.0,31.1,28.6,,0
2026-09-24T00:10:41+00:00,M02,simulado,71.2,2.3,6.2,3552.0,31.6,29.0,,0
2026-09-24T00:10:51+00:00,M02,simulado,71.0,2.2,6.2,3559.0,31.2,31.5,,0
2026-09-24T00:11:01+00:00,M02,simulado,71.0,2.1,6.0,3548.0,31.5,32.1,,0
2026-09-24T00:11:11+00:00,M02,simulado,71.2,2.3,6.2,3536.0,32.3,32.0,,0
2026-09-24T00:11:21+00:00,M02,simulado,71.2,2.4,6.0,3520.0,32.4,30.6,,0
2026-09-24T00:11:31+00:00,M02,simulado,71.0,2.6,6.2,3540.0,32.8,31.4,,0
2026-09-24T00:11:41+00:00,M02,simulado,70.9,2.5,6.2,3555.0,33.2,28.4,,0
2026-09-24T00:11:51+00:00,M02,simulado,71.0,2.6,6.0,3545.0,32.3,32.0,,0
2026-09-24T00:12:01+00:00,M02,simulado,71.0,2.5,6.2,3540.0,31.5,31.3,,0
2026-09-24T00:12:11+00:00,M02,simulado,71.1,2.4,6.2,3563.0,32.1,31.1,,0
2026-09-24T00:12:21+00:00,M02,simulado,71.2,2.5,6.1,3580.0,32.8,31.0,,0
2026-09-24T00:12:31+00:00,M02,simulado,71.1,2.5,6.4,3580.0,33.5,31.3,,0
2026-09-24T00:12:41+00:00,M02,simulado,70.9,2.7,6.1,3560.0,34.3,32.0,,0
2026-09-24T00:12:51+00:00,M02,simulado,70.9,2.7,6.3,3580.0,34.0,30.2,,0
2026-09-24T00:13:01+00:00,M02,simulado,70.9,2.6,6.4,3580.0,34.0,29.5,,0
2026-09-24T00:13:11+00:00,M02,simulado,71.1,2.8,6.2,3580.0,33.5,30.7,,0
2026-09-24T00:13:21+00:00,M02,simulado,71.0,2.7,6.0,3580.0,33.6,29.3,,0
2026-09-24T00:13:31+00:00,M02,simulado,71.0,2.9,6.2,3580.0,33.9,32.0,,0
2026-09-24T00:13:41+00:00,M02,simulado,70.8,3.0,6.0,3562.0,34.3,29.4,,0
2026-09-24T00:13:51+00:00,M02,simulado,70.9,3.1,6.0,3579.0,33.4,29.9,,0
2026-09-24T00:14:01+00:00,M02,simulado,71.1,3.0,6.0,3579.0,33.3,32.1,,0
2026-09-24T00:14:11+00:00,M02,simulado,70.9,3.0,6.0,3571.0,33.5,29.0,,0
2026-09-24T00:14:21+00:00,M02,simulado,70.9,3.0,6.1,3580.0,32.7,30.1,,0
2026-09-24T00:14:31+00:00,M02,simulado,71.0,2.9,6.2,3575.0,32.2,30.1,,0
2026-09-24T00:14:41+00:00,M02,simulado,71.1,2.6,6.1,3580.0,31.5,30.7,,0
2026-09-24T00:14:51+00:00,M02,simulado,71.1,2.8,6.0,3562.0,30.6,31.5,,0
2026-09-24T00:15:01+00:00,M02,simulado,71.1,2.8,6.0,3553.0,31.0,28.2,,0
2026-09-24T00:15:11+00:00,M02,simulado,71.2,2.7,6.0,3533.0,30.5,29.0,,0
2026-09-24T00:15:21+00:00,M02,simulado,71.3,2.8,6.0,3533.0,31.1,30.8,,0
2026-09-24T00:15:31+00:00,M02,simulado,71.1,2.9,6.0,3518.0,30.9,31.7,,0
2026-09-24T00:15:41+00:00,M02,simulado,71.1,3.0,6.1,3501.0,31.5,30.2,,0
2026-09-24T00:15:51+00:00,M02,simulado,71.0,3.1,6.3,3507.0,31.4,31.8,,0
2026-09-24T00:16:01+00:00,M02,simulado,71.2,3.2,6.1,3500.0,31.3,29.4,,0
2026-09-24T00:16:11+00:00,M02,simulado,71.1,3.1,6.2,3479.0,31.5,32.2,,0
2026-09-24T00:16:21+00:00,M02,simulado,71.2,3.1,6.0,3487.0,31.8,31.8,,0
2026-09-24T00:16:31+00:00,M02,simulado,71.1,3.2,6.1,3506.0,31.4,28.4,,0
2026-09-24T00:16:41+00:00,M02,simulado,71.2,3.1,6.1,3507.0,30.8,30.4,,0
2026-09-24T00:16:51+00:00,M02,simulado,71.0,3.2,6.0,3522.0,31.5,30.2,,0
2026-09-24T00:17:01+00:00,M02,simulado,70.9,3.4,6.0,3530.0,32.3,28.5,,0
2026-09-24T00:17:11+00:00,M02,simulado,70.9,3.4,6.0,3546.0,32.3,28.8,,0
2026-09-24T00:17:21+00:00,M02,simulado,70.8,3.4,6.0,3559.0,31.6,31.7,,0
2026-09-24T00:17:31+00:00,M02,simulado,71.0,3.4,6.1,3538.0,32.2,28.5,,0
2026-09-24T00:17:41+00:00,M02,simulado,71.1,3.1,6.0,3561.0,32.4,29.6,,0
2026-09-24T00:17:51+00:00,M02,simulado,71.1,3.2,6.0,3554.0,31.8,31.1,,0
2026-09-24T00:18:01+00:00,M02,simulado,70.9,3.1,6.2,3539.0,32.3,28.3,,0
2026-09-24T00:18:11+00:00,M02,simulado,71.0,3.1,6.0,3522.0,33.0,31.1,,0
2026-09-24T00:18:21+00:00,M02,simulado,71.1,3.3,6.0,3546.0,32.9,29.1,,0
2026-09-24T00:18:31+00:00,M02,simulado,70.9,3.2,6.0,3569.0,32.7,32.0,,0
2026-09-24T00:18:41+00:00,M02,simulado,71.1,3.0,6.0,3576.0,33.3,29.3,,0
2026-09-24T00:18:51+00:00,M02,simulado,71.1,3.2,6.0,3565.0,32.5,30.1,,0
2026-09-24T00:19:01+00:00,M02,simulado,71.1,3.1,6.0,3567.0,33.4,31.5,,0
2026-09-24T00:19:11+00:00,M02,simulado,70.9,2.9,6.0,3578.0,34.0,31.5,,0
2026-09-24T00:19:21+00:00,M02,simulado,71.0,3.0,6.0,3575.0,34.0,30.4,,0
2026-09-24T00:19:31+00:00,M02,simulado,71.2,2.7,6.3,3577.0,34.1,30.6,,0
2026-09-24T00:19:41+00:00,M02,simulado,71.0,2.5,6.0,3563.0,34.4,28.3,,0
2026-09-24T00:19:51+00:00,M02,simulado,71.2,2.7,6.0,3549.0,34.2,28.9,,0
2026-09-24T00:20:01+00:00,M02,simulado,71.1,2.7,6.0,3541.0,34.1,30.1,,0
2026-09-24T00:20:11+00:00,M02,simulado,71.0,2.5,6.0,3547.0,34.9,29.0,,0
2026-09-24T00:20:21+00:00,M02,simulado,71.1,2.3,6.0,3566.0,34.7,30.7,,0
2026-09-24T00:20:31+00:00,M02,simulado,71.0,2.1,6.2,3579.0,34.8,30.4,,0
2026-09-24T00:20:41+00:00,M02,simulado,71.2,2.0,6.0,3574.0,34.7,28.6,,0
2026-09-24T00:20:51+00:00,M02,simulado,71.0,1.8,6.0,3552.0,35.7,31.0,,0
2026-09-24T00:21:01+00:00,M02,simulado,71.1,1.9,6.0,3560.0,34.7,29.9,,0
2026-09-24T00:21:11+00:00,M02,simulado,71.1,1.9,6.2,3553.0,33.7,30.5,,0
2026-09-24T00:21:21+00:00,M02,simulado,71.0,1.9,6.1,3552.0,33.4,30.2,,0
2026-09-24T00:21:31+00:00,M02,simulado,70.9,1.7,6.3,3566.0,32.6,32.3,,0
2026-09-24T00:21:41+00:00,M02,simulado,70.8,1.7,6.4,3556.0,32.0,30.3,,0
2026-09-24T00:21:51+00:00,M02,simulado,71.0,1.8,6.2,3580.0,32.2,31.6,,0
2026-09-24T00:22:01+00:00,M02,simulado,70.9,1.7,6.2,3568.0,31.8,31.1,,0
2026-09-24T00:22:11+00:00,M02,simulado,70.9,1.5,6.0,3567.0,31.4,29.6,,0
2026-09-24T00:22:21+00:00,M02,simulado,70.8,1.5,6.2,3580.0,32.4,31.5,,0
2026-09-24T00:22:31+00:00,M02,simulado,70.7,1.3,6.2,3567.0,31.5,30.7,,0
2026-09-24T00:22:41+00:00,M02,simulado,70.7,1.2,6.0,3579.0,30.5,28.5,,0
2026-09-24T00:22:51+00:00,M02,simulado,70.8,1.1,6.3,3580.0,29.7,30.5,,0
2026-09-24T00:23:01+00:00,M02,simulado,70.9,1.0,6.5,3563.0,28.7,29.1,,0
2026-09-24T00:23:11+00:00,M02,simulado,70.7,1.0,6.6,3580.0,28.4,30.3,,0
2026-09-24T00:23:21+00:00,M02,simulado,70.7,1.2,6.8,3580.0,28.1,29.2,,0
2026-09-24T00:23:31+00:00,M02,simulado,70.8,1.3,6.8,3557.0,27.1,28.5,,0
2026-09-24T00:23:41+00:00,M02,simulado,70.9,1.5,6.7,3543.0,27.2,31.7,,0
2026-09-24T00:23:51+00:00,M02,simulado,71.1,1.6,6.4,3552.0,26.6,31.9,,0
2026-09-24T00:24:01+00:00,M02,simulado,70.9,1.4,6.3,3563.0,27.6,30.8,,0
2026-09-24T00:24:11+00:00,M02,simulado,70.8,1.6,6.4,3572.0,28.0,30.7,,0
2026-09-24T00:24:21+00:00,M02,simulado,71.0,1.7,6.6,3580.0,27.9,30.7,,0
2026-09-24T00:24:31+00:00,M02,simulado,71.0,1.8,6.4,3580.0,27.9,29.4,,0
2026-09-24T00:24:41+00:00,M02,simulado,70.8,1.8,6.6,3556.0,27.0,29.6,,0
2026-09-24T00:24:51+00:00,M02,simulado,70.7,1.7,6.5,3556.0,26.7,32.0,,0
2026-09-24T00:25:01+00:00,M02,simulado,71.0,1.7,6.5,3535.0,27.4,32.2,,0
2026-09-24T00:25:11+00:00,M02,simulado,71.0,1.7,6.3,3538.0,27.9,30.9,,0
2026-09-24T00:25:21+00:00,M02,simulado,70.9,1.9,6.3,3528.0,27.0,29.3,,0
2026-09-24T00:25:31+00:00,M02,simulado,71.0,1.8,6.5,3543.0,26.2,28.5,,0
2026-09-24T00:25:41+00:00,M02,simulado,70.9,1.8,6.2,3559.0,25.9,30.8,,0
2026-09-24T00:25:51+00:00,M02,simulado,70.9,2.0,6.4,3550.0,26.0,29.2,,0
2026-09-24T00:26:01+00:00,M02,simulado,70.7,1.8,6.3,3569.0,25.8,32.0,,0
2026-09-24T00:26:11+00:00,M02,simulado,70.8,1.8,6.1,3566.0,26.5,29.5,,0
2026-09-24T00:26:21+00:00,M02,simulado,70.6,1.6,6.3,3580.0,26.3,32.1,,0
2026-09-24T00:26:31+00:00,M02,simulado,70.6,1.4,6.3,3580.0,26.1,28.5,,0
2026-09-24T00:26:41+00:00,M02,simulado,70.6,1.4,6.6,3556.0,26.9,31.1,,0
2026-09-24T00:26:51+00:00,M02,simulado,70.7,1.4,6.6,3580.0,27.7,29.6,,0
2026-09-24T00:27:01+00:00,M02,simulado,70.8,1.6,6.4,3580.0,28.0,30.8,,0
2026-09-24T00:27:11+00:00,M02,simulado,70.9,1.7,6.7,3556.0,28.4,30.1,,0
2026-09-24T00:27:21+00:00,M02,simulado,71.0,1.6,6.4,3559.0,29.1,30.7,,0
2026-09-24T00:27:31+00:00,M02,simulado,71.0,1.7,6.6,3571.0,29.7,30.8,,0
2026-09-24T00:27:41+00:00,M02,simulado,71.0,1.6,6.4,3580.0,29.5,29.4,,0
2026-09-23T22:27:51+00:00,M03,simulado,70.8,2.2,7.7,3524.0,30.2,29.5,30.4,0
2026-09-23T22:28:01+00:00,M03,simulado,70.7,2.1,7.6,3503.0,30.7,28.4,30.2,0
2026-09-23T22:28:11+00:00,M03,simulado,70.6,2.1,7.8,3524.0,30.6,27.7,30.9,0
2026-09-23T22:28:21+00:00,M03,simulado,70.6,2.2,7.7,3539.0,30.2,28.2,30.7,0
2026-09-23T22:28:31+00:00,M03,simulado,70.4,2.0,7.9,3552.0,30.0,30.3,31.0,0
2026-09-23T22:28:41+00:00,M03,simulado,70.6,1.8,7.9,3572.0,30.3,30.1,31.1,0
2026-09-23T22:28:51+00:00,M03,simulado,70.5,1.8,7.9,3556.0,30.6,28.9,31.7,0
2026-09-23T22:29:01+00:00,M03,simulado,70.5,1.9,7.9,3533.0,30.3,28.4,31.6,0
2026-09-23T22:29:11+00:00,M03,simulado,70.3,1.6,7.8,3555.0,30.8,27.5,31.1,0
2026-09-23T22:29:21+00:00,M03,simulado,70.3,1.5,8.0,3538.0,30.0,27.4,30.6,0
2026-09-23T22:29:31+00:00,M03,simulado,70.6,1.6,8.1,3520.0,30.2,28.6,30.8,0
2026-09-23T22:29:41+00:00,M03,simulado,70.7,1.8,7.9,3511.0,30.6,28.6,30.4,0
2026-09-23T22:29:51+00:00,M03,simulado,70.6,1.6,8.2,3534.0,31.1,29.3,30.8,0
2026-09-23T22:30:01+00:00,M03,simulado,70.5,1.4,8.4,3532.0,31.6,29.2,31.3,0
2026-09-23T22:30:11+00:00,M03,simulado,70.6,1.6,8.2,3521.0,31.6,27.9,31.8,0
2026-09-23T22:30:21+00:00,M03,simulado,70.6,1.5,8.3,3521.0,32.0,27.9,31.1,0
2026-09-23T22:30:31+00:00,M03,simulado,70.6,1.4,8.1,3501.0,32.2,26.6,31.1,0
2026-09-23T22:30:41+00:00,M03,simulado,70.4,1.4,8.2,3484.0,32.0,29.3,30.6,0
2026-09-23T22:30:51+00:00,M03,simulado,70.6,1.3,8.5,3501.0,31.6,28.5,30.2,0
2026-09-23T22:31:01+00:00,M03,simulado,70.7,1.4,8.5,3523.0,31.7,27.1,29.5,0
2026-09-23T22:31:11+00:00,M03,simulado,70.8,1.2,8.4,3503.0,31.0,28.6,28.8,0
2026-09-23T22:31:21+00:00,M03,simulado,70.9,1.1,8.5,3484.0,31.2,29.4,29.1,0
2026-09-23T22:31:31+00:00,M03,simulado,70.9,1.3,8.6,3465.0,30.7,30.2,29.4,0
2026-09-23T22:31:41+00:00,M03,simulado,70.7,1.1,8.7,3476.0,31.6,27.8,29.5,0
2026-09-23T22:31:51+00:00,M03,simulado,70.5,1.1,8.5,3501.0,31.1,28.1,29.6,0
2026-09-23T22:32:01+00:00,M03,simulado,70.6,1.0,8.3,3526.0,30.1,27.8,29.6,0
2026-09-23T22:32:11+00:00,M03,simulado,70.7,1.0,8.0,3536.0,30.7,27.0,29.8,0
2026-09-23T22:32:21+00:00,M03,simulado,70.8,1.0,8.1,3526.0,30.2,28.6,30.5,0
2026-09-23T22:32:31+00:00,M03,simulado,70.7,1.0,8.3,3544.0,29.9,28.2,30.0,0
2026-09-23T22:32:41+00:00,M03,simulado,70.7,1.1,8.2,3536.0,30.1,28.4,29.6,0
2026-09-23T22:32:51+00:00,M03,simulado,70.7,1.0,8.2,3524.0,30.6,29.9,29.4,0
2026-09-23T22:33:01+00:00,M03,simulado,70.7,1.2,8.0,3531.0,31.3,27.4,30.2,0
2026-09-23T22:33:11+00:00,M03,simulado,70.7,1.0,8.1,3546.0,30.9,26.8,30.1,0
2026-09-23T22:33:21+00:00,M03,simulado,70.5,1.2,8.3,3559.0,31.4,29.1,30.4,0
2026-09-23T22:33:31+00:00,M03,simulado,70.5,1.2,8.5,3575.0,31.8,28.7,31.1,0
2026-09-23T22:33:41+00:00,M03,simulado,70.5,1.4,8.6,3580.0,31.7,29.9,31.8,0
2026-09-23T22:33:51+00:00,M03,simulado,70.6,1.5,8.6,3560.0,31.6,27.9,32.6,0
2026-09-23T22:34:01+00:00,M03,simulado,70.4,1.6,8.3,3570.0,32.4,30.0,32.5,0
2026-09-23T22:34:11+00:00,M03,simulado,70.5,1.7,8.3,3569.0,32.9,29.2,32.1,0
2026-09-23T22:34:21+00:00,M03,simulado,70.3,1.6,8.2,3545.0,32.6,27.0,32.1,0
2026-09-23T22:34:31+00:00,M03,simulado,70.2,1.6,8.1,3524.0,33.1,28.1,32.6,0
2026-09-23T22:34:41+00:00,M03,simulado,70.3,1.5,8.2,3525.0,33.7,26.8,32.7,0
2026-09-23T22:34:51+00:00,M03,simulado,70.4,1.6,7.9,3546.0,34.7,26.6,32.8,0
2026-09-23T22:35:01+00:00,M03,simulado,70.6,1.9,8.0,3553.0,34.9,27.2,32.4,0
2026-09-23T22:35:11+00:00,M03,simulado,70.6,1.8,7.7,3558.0,34.9,29.0,32.3,0
2026-09-23T22:35:21+00:00,M03,simulado,70.7,1.9,7.6,3556.0,35.3,30.0,31.7,0
2026-09-23T22:35:31+00:00,M03,simulado,70.6,1.8,7.4,3557.0,35.7,30.2,31.9,0
2026-09-23T22:35:41+00:00,M03,simulado,70.7,1.9,7.4,3562.0,36.7,26.8,32.1,0
2026-09-23T22:35:51+00:00,M03,simulado,70.8,1.7,7.6,3580.0,36.7,27.8,32.0,0
2026-09-23T22:36:01+00:00,M03,simulado,70.6,1.5,7.6,3556.0,36.6,28.0,32.5,0
2026-09-23T22:36:11+00:00,M03,simulado,70.6,1.5,7.8,3575.0,37.6,30.5,33.2,0
2026-09-23T22:36:21+00:00,M03,simulado,70.4,1.5,7.8,3580.0,38.0,29.7,32.6,0
2026-09-23T22:36:31+00:00,M03,simulado,70.5,1.5,7.8,3580.0,37.6,26.8,33.1,0
2026-09-23T22:36:41+00:00,M03,simulado,70.7,1.6,7.6,3569.0,38.0,29.1,33.3,0
2026-09-23T22:36:51+00:00,M03,simulado,70.7,1.6,7.6,3572.0,37.7,29.8,32.8,0
2026-09-23T22:37:01+00:00,M03,simulado,70.5,1.8,7.5,3580.0,38.0,27.9,32.5,0
2026-09-23T22:37:11+00:00,M03,simulado,70.4,1.9,7.4,3565.0,38.0,27.5,32.1,0
2026-09-23T22:37:21+00:00,M03,simulado,70.4,1.8,7.2,3557.0,37.5,27.4,31.7,0
2026-09-23T22:37:31+00:00,M03,simulado,70.5,1.9,6.9,3561.0,37.7,29.3,31.8,0
2026-09-23T22:37:41+00:00,M03,simulado,70.7,2.1,7.1,3538.0,37.7,27.4,31.1,0
2026-09-23T22:37:51+00:00,M03,simulado,70.8,2.3,7.0,3546.0,37.1,30.3,30.6,0
2026-09-23T22:38:01+00:00,M03,simulado,70.8,2.2,6.8,3529.0,36.3,27.0,30.7,0
2026-09-23T22:38:11+00:00,M03,simulado,70.6,2.1,6.6,3517.0,36.9,29.9,31.2,0
2026-09-23T22:38:21+00:00,M03,simulado,70.6,2.1,6.8,3520.0,37.2,27.3,31.3,0
2026-09-23T22:38:31+00:00,M03,simulado,70.4,2.0,6.9,3511.0,37.6,29.1,31.4,0
2026-09-23T22:38:41+00:00,M03,simulado,70.3,1.8,6.9,3533.0,38.0,28.2,32.0,0
2026-09-23T22:38:51+00:00,M03,simulado,70.5,2.1,7.1,3513.0,38.0,30.4,31.4,0
2026-09-23T22:39:01+00:00,M03,simulado,70.4,2.1,7.2,3525.0,38.0,27.9,30.8,0
2026-09-23T22:39:11+00:00,M03,simulado,70.5,1.8,7.4,3537.0,37.6,26.7,30.1,0
2026-09-23T22:39:21+00:00,M03,simulado,70.4,2.0,7.6,3529.0,38.0,28.8,29.8,0
2026-09-23T22:39:31+00:00,M03,simulado,70.5,2.1,7.8,3516.0,37.8,27.5,29.7,0
2026-09-23T22:39:41+00:00,M03,simulado,70.5,2.0,8.1,3505.0,37.1,30.4,29.9,0
2026-09-23T22:39:51+00:00,M03,simulado,70.4,1.7,8.1,3484.0,37.4,29.0,29.8,0
2026-09-23T22:40:01+00:00,M03,simulado,70.5,1.6,8.2,3505.0,36.5,26.8,30.0,0
2026-09-23T22:40:11+00:00,M03,simulado,70.3,1.8,8.1,3496.0,35.9,27.2,30.0,0
2026-09-23T22:40:21+00:00,M03,simulado,70.2,1.8,8.0,3505.0,35.5,30.0,30.3,0
2026-09-23T22:40:31+00:00,M03,simulado,70.3,2.0,7.8,3497.0,35.4,28.0,31.0,0
2026-09-23T22:40:41+00:00,M03,simulado,70.3,2.0,7.8,3484.0,35.7,28.8,30.2,0
2026-09-23T22:40:51+00:00,M03,simulado,70.3,2.0,7.5,3464.0,35.3,27.7,29.9,0
2026-09-23T22:41:01+00:00,M03,simulado,70.5,1.8,7.5,3462.0,36.1,29.4,29.5,0
2026-09-23T22:41:11+00:00,M03,simulado,70.7,2.0,7.4,3479.0,35.4,29.8,30.1,0
2026-09-23T22:41:21+00:00,M03,simulado,70.6,1.8,7.2,3456.0,34.5,29.9,30.8,0
2026-09-23T22:41:31+00:00,M03,simulado,70.5,1.7,6.9,3437.0,35.0,26.8,30.4,0
2026-09-23T22:41:41+00:00,M03,simulado,70.4,1.8,6.9,3444.0,34.6,26.6,29.8,0
2026-09-23T22:41:51+00:00,M03,simulado,70.6,1.8,7.0,3437.0,34.8,28.4,29.7,0
2026-09-23T22:42:01+00:00,M03,simulado,70.5,1.7,7.0,3443.0,34.2,27.9,29.5,0
2026-09-23T22:42:11+00:00,M03,simulado,70.3,1.5,7.1,3445.0,33.4,27.1,29.2,0
2026-09-23T22:42:21+00:00,M03,simulado,70.5,1.3,7.2,3457.0,34.3,29.4,29.0,0
2026-09-23T22:42:31+00:00,M03,simulado,70.3,1.5,6.9,3453.0,33.4,27.5,29.3,0
2026-09-23T22:42:41+00:00,M03,simulado,70.3,1.4,7.0,3451.0,32.4,28.0,30.0,0
2026-09-23T22:42:51+00:00,M03,simulado,70.5,1.5,7.2,3435.0,31.5,29.4,30.5,0
2026-09-23T22:43:01+00:00,M03,simulado,70.5,1.6,7.5,3457.0,32.3,28.1,29.9,0
2026-09-23T22:43:11+00:00,M03,simulado,70.4,1.7,7.8,3480.0,32.2,29.9,30.1,0
2026-09-23T22:43:21+00:00,M03,simulado,70.5,1.8,7.5,3493.0,33.1,28.9,29.5,0
2026-09-23T22:43:31+00:00,M03,simulado,70.6,2.0,7.8,3489.0,33.7,30.4,29.9,0
2026-09-23T22:43:41+00:00,M03,simulado,70.7,2.0,7.6,3491.0,33.2,30.1,29.7,0
2026-09-23T22:43:51+00:00,M03,simulado,70.5,2.0,7.6,3487.0,33.7,28.1,29.2,0
2026-09-23T22:44:01+00:00,M03,simulado,70.5,1.9,7.7,3474.0,34.1,28.3,28.6,0
2026-09-23T22:44:11+00:00,M03,simulado,70.6,1.7,7.8,3498.0,34.1,26.8,28.8,0
2026-09-23T22:44:21+00:00,M03,simulado,70.7,1.7,7.6,3499.0,35.0,27.5,28.4,0
2026-09-23T22:44:31+00:00,M03,simulado,70.7,1.5,7.4,3495.0,35.0,28.8,27.8,0
2026-09-23T22:44:41+00:00,M03,simulado,70.6,1.5,7.4,3475.0,34.1,29.9,28.0,0
2026-09-23T22:44:51+00:00,M03,simulado,70.7,1.7,7.4,3469.0,33.6,27.5,28.8,0
2026-09-23T22:45:01+00:00,M03,simulado,70.7,1.9,7.3,3471.0,33.9,28.3,29.0,0
2026-09-23T22:45:11+00:00,M03,simulado,70.7,1.7,7.2,3467.0,33.0,29.5,28.8,0
2026-09-23T22:45:21+00:00,M03,simulado,70.7,1.7,7.0,3456.0,32.5,27.2,29.0,0
2026-09-23T22:45:31+00:00,M03,simulado,70.8,1.9,7.2,3461.0,32.9,28.7,28.6,0
2026-09-23T22:45:41+00:00,M03,simulado,70.7,1.7,7.3,3440.0,32.8,29.0,28.7,0
2026-09-23T22:45:51+00:00,M03,simulado,70.6,1.9,7.3,3433.0,33.5,26.7,28.9,0
2026-09-23T22:46:01+00:00,M03,simulado,70.7,1.9,7.4,3436.0,33.3,28.5,29.6,0
2026-09-23T22:46:11+00:00,M03,simulado,70.9,2.1,7.6,3439.0,32.3,27.4,29.3,0
2026-09-23T22:46:21+00:00,M03,simulado,70.6,2.2,7.8,3434.0,31.9,30.6,29.7,0
2026-09-23T22:46:31+00:00,M03,simulado,70.4,2.1,7.6,3452.0,32.5,28.5,29.6,0
2026-09-23T22:46:41+00:00,M03,simulado,70.2,1.9,7.4,3448.0,32.2,28.4,29.3,0
2026-09-23T22:46:51+00:00,M03,simulado,70.3,2.0,7.3,3449.0,31.8,29.1,29.4,0
2026-09-23T22:47:01+00:00,M03,simulado,70.2,1.9,7.0,3450.0,31.9,27.6,28.6,0
2026-09-23T22:47:11+00:00,M03,simulado,70.2,1.8,6.8,3444.0,30.9,30.5,29.0,0
2026-09-23T22:47:21+00:00,M03,simulado,70.2,1.8,6.9,3430.0,30.1,29.0,28.8,0
2026-09-23T22:47:31+00:00,M03,simulado,70.2,1.7,6.7,3423.0,30.4,27.1,28.5,0
2026-09-23T22:47:41+00:00,M03,simulado,70.4,1.6,6.5,3420.0,30.3,28.6,28.9,0
2026-09-23T22:47:51+00:00,M03,simulado,70.4,1.9,6.5,3420.0,30.9,27.5,29.2,0
2026-09-23T22:48:01+00:00,M03,simulado,70.3,1.7,6.7,3420.0,29.9,29.0,29.1,0
2026-09-23T22:48:11+00:00,M03,simulado,70.3,1.7,6.7,3420.0,30.9,30.1,28.8,0
2026-09-23T22:48:21+00:00,M03,simulado,70.2,1.8,6.6,3439.0,31.7,29.8,29.6,0
2026-09-23T22:48:31+00:00,M03,simulado,70.4,1.9,6.3,3457.0,32.4,26.8,28.8,0
2026-09-23T22:48:41+00:00,M03,simulado,70.4,2.0,6.3,3471.0,32.2,28.5,28.7,0
2026-09-23T22:48:51+00:00,M03,simulado,70.3,2.0,6.1,3466.0,32.8,27.1,28.1,0
2026-09-23T22:49:01+00:00,M03,simulado,70.1,1.7,6.2,3481.0,32.6,28.9,28.7,0
2026-09-23T22:49:11+00:00,M03,simulado,70.3,1.9,6.0,3478.0,31.9,30.6,29.3,0
2026-09-23T22:49:21+00:00,M03,simulado,70.2,1.7,6.0,3463.0,31.5,28.9,29.5,0
2026-09-23T22:49:31+00:00,M03,simulado,70.1,1.8,6.1,3468.0,31.1,30.0,29.7,0
2026-09-23T22:49:41+00:00,M03,simulado,70.1,1.7,6.1,3493.0,30.5,29.5,30.4,0
2026-09-23T22:49:51+00:00,M03,simulado,70.1,1.6,6.3,3498.0,29.8,27.9,30.1,0
2026-09-23T22:50:01+00:00,M03,simulado,70.1,1.5,6.5,3491.0,29.1,26.8,29.5,0
2026-09-23T22:50:11+00:00,M03,simulado,70.0,1.3,6.3,3497.0,30.0,28.5,29.2,0
2026-09-23T22:50:21+00:00,M03,simulado,70.0,1.0,6.3,3522.0,30.2,27.7,28.5,0
2026-09-23T22:50:31+00:00,M03,simulado,70.2,1.1,6.2,3534.0,29.6,29.2,28.3,0
2026-09-23T22:50:41+00:00,M03,simulado,70.3,1.1,6.1,3523.0,30.4,29.7,27.5,0
2026-09-23T22:50:51+00:00,M03,simulado,70.3,1.3,6.3,3502.0,31.4,27.5,28.0,0
2026-09-23T22:51:01+00:00,M03,simulado,70.4,1.3,6.3,3517.0,32.0,27.8,28.1,0
2026-09-23T22:51:11+00:00,M03,simulado,70.4,1.1,6.4,3539.0,31.8,30.5,28.0,0
2026-09-23T22:51:21+00:00,M03,simulado,70.2,1.0,6.7,3555.0,31.7,29.0,27.9,0
2026-09-23T22:51:31+00:00,M03,simulado,70.2,1.0,7.0,3578.0,31.6,27.3,27.5,0
2026-09-23T22:51:41+00:00,M03,simulado,70.1,1.0,6.8,3580.0,31.0,28.0,27.9,0
2026-09-23T22:51:51+00:00,M03,simulado,70.4,1.2,7.0,3560.0,31.7,28.7,28.7,0
2026-09-23T22:52:01+00:00,M03,simulado,70.2,1.1,7.0,3544.0,31.5,29.1,28.8,0
2026-09-23T22:52:11+00:00,M03,simulado,70.3,1.2,6.9,3534.0,32.1,29.7,28.1,0
2026-09-23T22:52:21+00:00,M03,simulado,70.3,1.3,7.2,3539.0,32.2,29.4,28.6,0
2026-09-23T22:52:31+00:00,M03,simulado,70.3,1.3,7.0,3518.0,32.1,28.3,28.6,0
2026-09-23T22:52:41+00:00,M03,simulado,70.4,1.2,7.2,3529.0,31.4,29.7,29.1,0
2026-09-23T22:52:51+00:00,M03,simulado,70.4,1.4,7.0,3531.0,30.4,30.5,28.6,0
2026-09-23T22:53:01+00:00,M03,simulado,70.4,1.6,6.9,3512.0,29.5,28.9,28.6,0
2026-09-23T22:53:11+00:00,M03,simulado,70.2,1.4,6.9,3528.0,28.9,30.7,29.1,0
2026-09-23T22:53:21+00:00,M03,simulado,70.4,1.2,6.8,3534.0,28.6,29.6,28.9,0
2026-09-23T22:53:31+00:00,M03,simulado,70.5,1.5,7.1,3550.0,29.1,26.8,29.4,0
2026-09-23T22:53:41+00:00,M03,simulado,70.3,1.6,7.0,3525.0,29.2,27.0,29.9,0
2026-09-23T22:53:51+00:00,M03,simulado,70.4,1.5,6.7,3521.0,30.2,28.6,29.5,0
2026-09-23T22:54:01+00:00,M03,simulado,70.4,1.3,6.5,3542.0,30.2,29.5,30.0,0
2026-09-23T22:54:11+00:00,M03,simulado,70.2,1.4,6.4,3541.0,30.1,27.9,30.2,0
2026-09-23T22:54:21+00:00,M03,simulado,70.4,1.4,6.4,3559.0,30.9,27.7,30.8,0
2026-09-23T22:54:31+00:00,M03,simulado,70.3,1.6,6.2,3580.0,30.4,27.4,31.3,0
2026-09-23T22:54:41+00:00,M03,simulado,70.5,1.7,6.2,3576.0,31.3,27.6,31.3,0
2026-09-23T22:54:51+00:00,M03,simulado,70.3,1.6,6.4,3573.0,31.8,28.0,31.4,0
2026-09-23T22:55:01+00:00,M03,simulado,70.2,1.7,6.4,3571.0,32.2,29.0,31.0,0
2026-09-23T22:55:11+00:00,M03,simulado,70.0,1.8,6.5,3552.0,32.1,27.5,30.7,0
2026-09-23T22:55:21+00:00,M03,simulado,70.0,1.8,6.8,3543.0,33.0,29.3,31.1,0
2026-09-23T22:55:31+00:00,M03,simulado,70.3,1.5,6.5,3566.0,33.2,28.6,31.6,0
2026-09-23T22:55:41+00:00,M03,simulado,70.3,1.3,6.3,3546.0,33.1,29.8,32.0,0
2026-09-23T22:55:51+00:00,M03,simulado,70.4,1.3,6.5,3525.0,33.7,30.8,32.2,0
2026-09-23T22:56:01+00:00,M03,simulado,70.3,1.3,6.5,3535.0,34.4,27.3,32.9,0
2026-09-23T22:56:11+00:00,M03,simulado,70.4,1.2,6.6,3559.0,34.3,27.5,32.6,0
2026-09-23T22:56:21+00:00,M03,simulado,70.6,1.4,6.7,3535.0,34.5,30.4,32.3,0
2026-09-23T22:56:31+00:00,M03,simulado,70.6,1.6,6.5,3546.0,34.1,30.4,32.8,0
2026-09-23T22:56:41+00:00,M03,simulado,70.5,1.7,6.4,3566.0,35.0,29.8,33.3,0
2026-09-23T22:56:51+00:00,M03,simulado,70.3,1.5,6.4,3542.0,35.2,27.6,32.9,0
2026-09-23T22:57:01+00:00,M03,simulado,70.4,1.3,6.1,3549.0,35.7,29.0,33.3,0
2026-09-23T22:57:11+00:00,M03,simulado,70.2,1.4,6.0,3538.0,35.2,27.3,34.1,0
2026-09-23T22:57:21+00:00,M03,simulado,70.2,1.4,6.0,3516.0,35.1,30.0,34.3,0
2026-09-23T22:57:31+00:00,M03,simulado,70.4,1.5,6.0,3521.0,35.0,28.9,35.0,0
2026-09-23T22:57:41+00:00,M03,simulado,70.4,1.8,6.2,3512.0,34.7,30.5,35.0,0
2026-09-23T22:57:51+00:00,M03,simulado,70.5,1.8,6.1,3498.0,34.8,29.4,35.4,0
2026-09-23T22:58:01+00:00,M03,simulado,70.6,1.9,6.0,3476.0,33.8,28.4,34.6,0
2026-09-23T22:58:11+00:00,M03,simulado,70.6,2.0,6.1,3475.0,34.4,27.3,34.7,0
2026-09-23T22:58:21+00:00,M03,simulado,70.5,2.2,6.0,3471.0,35.4,29.5,35.4,0
2026-09-23T22:58:31+00:00,M03,simulado,70.4,1.9,6.1,3460.0,36.2,30.5,36.2,0
2026-09-23T22:58:41+00:00,M03,simulado,70.4,1.9,6.0,3463.0,35.4,27.0,36.4,0
2026-09-23T22:58:51+00:00,M03,simulado,70.2,1.7,6.0,3450.0,36.0,29.0,37.2,0
2026-09-23T22:59:01+00:00,M03,simulado,70.3,1.5,6.0,3464.0,35.9,28.8,36.6,0
2026-09-23T22:59:11+00:00,M03,simulado,70.1,1.7,6.3,3445.0,36.0,29.0,37.1,0
2026-09-23T22:59:21+00:00,M03,simulado,70.4,1.8,6.3,3446.0,36.4,30.0,36.4,0
2026-09-23T22:59:31+00:00,M03,simulado,70.3,1.8,6.1,3442.0,36.6,28.1,36.5,0
2026-09-23T22:59:41+00:00,M03,simulado,70.3,1.7,6.3,3434.0,37.1,29.7,36.8,0
2026-09-23T22:59:51+00:00,M03,simulado,70.4,1.7,6.6,3420.0,36.4,30.9,37.2,0
2026-09-23T23:00:01+00:00,M03,simulado,70.2,1.7,6.7,3420.0,36.6,29.4,37.8,0
2026-09-23T23:00:11+00:00,M03,simulado,70.4,1.7,6.9,3444.0,37.1,30.5,37.2,0
2026-09-23T23:00:21+00:00,M03,simulado,70.3,1.8,6.8,3432.0,36.5,30.6,37.4,0
2026-09-23T23:00:31+00:00,M03,simulado,70.2,1.7,6.5,3420.0,36.5,29.0,36.8,0
2026-09-23T23:00:41+00:00,M03,simulado,70.1,1.6,6.4,3420.0,36.9,27.4,36.8,0
2026-09-23T23:00:51+00:00,M03,simulado,70.0,1.3,6.4,3420.0,36.4,28.6,36.9,0
2026-09-23T23:01:01+00:00,M03,simulado,70.0,1.3,6.3,3421.0,36.1,30.0,37.0,0
2026-09-23T23:01:11+00:00,M03,simulado,70.0,1.3,6.1,3441.0,36.8,28.5,37.9,0
2026-09-23T23:01:21+00:00,M03,simulado,69.9,1.3,6.1,3433.0,37.0,30.7,37.6,0
2026-09-23T23:01:31+00:00,M03,simulado,70.0,1.5,6.1,3420.0,38.0,29.4,37.1,0
2026-09-23T23:01:41+00:00,M03,simulado,70.1,1.2,6.0,3431.0,38.0,28.4,37.0,0
2026-09-23T23:01:51+00:00,M03,simulado,70.0,1.0,6.2,3425.0,38.0,30.1,37.8,0
2026-09-23T23:02:01+00:00,M03,simulado,70.1,1.0,6.0,3420.0,37.9,27.4,37.4,0
2026-09-23T23:02:11+00:00,M03,simulado,70.2,1.2,6.0,3423.0,37.6,30.3,37.1,0
2026-09-23T23:02:21+00:00,M03,simulado,70.1,1.3,6.0,3420.0,37.8,29.8,37.4,0
2026-09-23T23:02:31+00:00,M03,simulado,70.3,1.2,6.0,3444.0,38.0,27.9,36.9,0
2026-09-23T23:02:41+00:00,M03,simulado,70.3,1.3,6.2,3443.0,38.0,27.8,37.1,0
2026-09-23T23:02:51+00:00,M03,simulado,70.4,1.4,6.1,3456.0,37.9,28.3,36.8,0
2026-09-23T23:03:01+00:00,M03,simulado,70.3,1.6,6.0,3448.0,37.9,28.6,37.6,0
2026-09-23T23:03:11+00:00,M03,simulado,70.4,1.9,6.1,3459.0,37.0,27.9,37.1,0
2026-09-23T23:03:21+00:00,M03,simulado,70.2,2.0,6.2,3476.0,38.0,28.3,37.9,0
2026-09-23T23:03:31+00:00,M03,simulado,70.1,2.1,6.0,3479.0,38.0,27.9,37.2,0
2026-09-23T23:03:41+00:00,M03,simulado,70.0,2.3,6.3,3504.0,38.0,29.9,37.4,0
2026-09-23T23:03:51+00:00,M03,simulado,69.9,2.2,6.2,3527.0,37.5,29.9,37.4,0
2026-09-23T23:04:01+00:00,M03,simulado,70.0,2.2,6.0,3547.0,37.7,29.0,38.0,0
2026-09-23T23:04:11+00:00,M03,simulado,70.1,1.9,6.0,3523.0,36.7,27.2,38.0,0
2026-09-23T23:04:21+00:00,M03,simulado,70.0,1.7,6.0,3503.0,37.0,27.6,38.0,0
2026-09-23T23:04:31+00:00,M03,simulado,70.0,1.5,6.0,3493.0,37.4,29.6,37.7,0
2026-09-23T23:04:41+00:00,M03,simulado,70.2,1.4,6.0,3513.0,37.1,28.5,38.0,0
2026-09-23T23:04:51+00:00,M03,simulado,70.1,1.4,6.2,3496.0,37.1,30.6,38.0,0
2026-09-23T23:05:01+00:00,M03,simulado,70.1,1.3,6.0,3476.0,37.1,27.8,37.3,0
2026-09-23T23:05:11+00:00,M03,simulado,70.3,1.5,6.2,3483.0,37.6,27.2,36.9,0
2026-09-23T23:05:21+00:00,M03,simulado,70.2,1.4,6.0,3479.0,37.1,28.0,37.0,0
2026-09-23T23:05:31+00:00,M03,simulado,70.0,1.2,6.3,3500.0,36.1,31.0,36.4,0
2026-09-23T23:05:41+00:00,M03,simulado,70.1,1.0,6.3,3506.0,37.1,29.2,36.2,0
2026-09-23T23:05:51+00:00,M03,simulado,70.1,1.0,6.4,3524.0,37.6,29.7,36.3,0
2026-09-23T23:06:01+00:00,M03,simulado,70.3,1.0,6.5,3523.0,38.0,27.3,36.7,0
2026-09-23T23:06:11+00:00,M03,simulado,70.4,1.0,6.4,3513.0,38.0,30.2,37.5,0
2026-09-23T23:06:21+00:00,M03,simulado,70.5,1.0,6.2,3497.0,38.0,28.5,38.0,0
2026-09-23T23:06:31+00:00,M03,simulado,70.5,1.0,6.4,3512.0,37.0,28.5,37.6,0
2026-09-23T23:06:41+00:00,M03,simulado,70.6,1.0,6.2,3537.0,36.3,28.0,37.7,0
2026-09-23T23:06:51+00:00,M03,simulado,70.5,1.2,6.0,3558.0,36.3,28.0,37.3,0
2026-09-23T23:07:01+00:00,M03,simulado,70.6,1.1,6.0,3552.0,36.6,27.2,37.7,0
2026-09-23T23:07:11+00:00,M03,simulado,70.4,1.0,6.1,3529.0,37.4,29.0,37.1,0
2026-09-23T23:07:21+00:00,M03,simulado,70.1,1.2,6.0,3539.0,38.0,27.2,36.5,0
2026-09-23T23:07:31+00:00,M03,simulado,70.1,1.0,6.0,3519.0,38.0,30.3,37.1,0
2026-09-23T23:07:41+00:00,M03,simulado,70.1,1.0,6.0,3505.0,37.0,28.3,36.9,0
2026-09-23T23:07:51+00:00,M03,simulado,70.3,1.0,6.2,3525.0,36.3,27.7,37.5,0
2026-09-23T23:08:01+00:00,M03,simulado,70.4,1.2,6.1,3539.0,36.9,30.4,38.0,0
2026-09-23T23:08:11+00:00,M03,simulado,70.3,1.1,6.2,3526.0,36.9,28.5,37.8,0
2026-09-23T23:08:21+00:00,M03,simulado,70.2,1.0,6.0,3501.0,37.7,31.0,37.6,0
2026-09-23T23:08:31+00:00,M03,simulado,70.3,1.1,6.3,3486.0,36.8,27.7,37.3,0
2026-09-23T23:08:41+00:00,M03,simulado,70.2,1.2,6.1,3471.0,36.6,30.5,37.7,0
2026-09-23T23:08:51+00:00,M03,simulado,70.0,1.1,6.1,3456.0,35.8,30.3,38.0,0
2026-09-23T23:09:01+00:00,M03,simulado,70.1,1.2,6.3,3433.0,35.4,31.0,38.0,0
2026-09-23T23:09:11+00:00,M03,simulado,70.1,1.3,6.0,3427.0,35.2,30.9,38.0,0
2026-09-23T23:09:21+00:00,M03,simulado,70.2,1.2,6.0,3420.0,35.1,28.5,38.0,0
2026-09-23T23:09:31+00:00,M03,simulado,70.2,1.0,6.2,3420.0,35.2,29.2,38.0,0
2026-09-23T23:09:41+00:00,M03,simulado,70.3,1.0,6.0,3420.0,35.5,30.6,38.0,0
2026-09-23T23:09:51+00:00,M03,simulado,70.3,1.0,6.2,3426.0,36.3,28.2,38.0,0
2026-09-23T23:10:01+00:00,M03,simulado,70.1,1.0,6.0,3448.0,35.3,28.8,37.6,0
2026-09-23T23:10:11+00:00,M03,simulado,70.0,1.1,6.0,3430.0,35.5,30.6,37.7,0
2026-09-23T23:10:21+00:00,M03,simulado,69.9,1.0,6.0,3431.0,35.3,29.4,37.4,0
2026-09-23T23:10:31+00:00,M03,simulado,70.0,1.0,6.0,3431.0,36.1,27.9,37.1,0
2026-09-23T23:10:41+00:00,M03,simulado,70.1,1.1,6.0,3443.0,35.6,29.9,36.6,0
2026-09-23T23:10:51+00:00,M03,simulado,69.9,1.0,6.2,3468.0,36.4,29.7,37.0,0
2026-09-23T23:11:01+00:00,M03,simulado,70.2,1.2,6.4,3472.0,36.2,28.3,36.7,0
2026-09-23T23:11:11+00:00,M03,simulado,70.3,1.0,6.2,3464.0,35.5,27.1,37.2,0
2026-09-23T23:11:21+00:00,M03,simulado,70.3,1.2,6.1,3454.0,34.9,27.4,36.6,0
2026-09-23T23:11:31+00:00,M03,simulado,70.3,1.2,6.0,3445.0,34.0,27.7,36.8,0
2026-09-23T23:11:41+00:00,M03,simulado,70.3,1.3,6.2,3452.0,33.7,27.9,36.7,0
2026-09-23T23:11:51+00:00,M03,simulado,70.4,1.4,6.0,3439.0,34.7,29.7,36.0,0
2026-09-23T23:12:01+00:00,M03,simulado,70.2,1.6,6.1,3428.0,34.4,30.5,36.7,0
2026-09-23T23:12:11+00:00,M03,simulado,70.1,1.6,6.2,3437.0,35.4,27.4,37.2,0
2026-09-23T23:12:21+00:00,M03,simulado,70.0,1.7,6.5,3428.0,35.8,29.9,37.1,0
2026-09-23T23:12:31+00:00,M03,simulado,70.1,1.8,6.3,3453.0,36.6,28.5,37.5,0
2026-09-23T23:12:41+00:00,M03,simulado,70.2,1.8,6.3,3466.0,36.8,28.5,37.0,0
2026-09-23T23:12:51+00:00,M03,simulado,70.1,1.5,6.5,3483.0,36.2,28.5,37.6,0
2026-09-23T23:13:01+00:00,M03,simulado,70.2,1.8,6.5,3487.0,36.6,30.5,37.0,0
2026-09-23T23:13:11+00:00,M03,simulado,70.1,1.6,6.6,3511.0,36.1,29.1,36.5,0
2026-09-23T23:13:21+00:00,M03,simulado,70.1,1.5,6.3,3524.0,35.2,30.5,36.2,0
2026-09-23T23:13:31+00:00,M03,simulado,70.2,1.5,6.6,3537.0,35.1,30.0,36.7,0
2026-09-23T23:13:41+00:00,M03,simulado,70.2,1.4,6.7,3546.0,34.9,28.9,37.2,0
2026-09-23T23:13:51+00:00,M03,simulado,70.1,1.2,7.0,3538.0,34.4,30.0,37.1,0
2026-09-23T23:14:01+00:00,M03,simulado,70.0,1.3,6.8,3533.0,34.6,28.7,37.4,0
2026-09-23T23:14:11+00:00,M03,simulado,70.1,1.0,6.6,3520.0,34.1,28.1,36.8,0
2026-09-23T23:14:21+00:00,M03,simulado,70.2,1.0,6.5,3516.0,33.6,27.7,37.0,0
2026-09-23T23:14:31+00:00,M03,simulado,70.0,1.0,6.6,3510.0,33.1,30.0,37.1,0
2026-09-23T23:14:41+00:00,M03,simulado,69.9,1.1,6.4,3486.0,32.3,27.5,36.7,0
2026-09-23T23:14:51+00:00,M03,simulado,69.9,1.3,6.5,3473.0,32.8,28.2,36.7,0
2026-09-23T23:15:01+00:00,M03,simulado,69.9,1.3,6.5,3454.0,32.2,29.8,36.1,0
2026-09-23T23:15:11+00:00,M03,simulado,69.9,1.3,6.3,3439.0,32.3,28.4,36.5,0
2026-09-23T23:15:21+00:00,M03,simulado,70.1,1.4,6.2,3432.0,32.6,28.7,37.2,0
2026-09-23T23:15:31+00:00,M03,simulado,70.0,1.5,6.1,3425.0,32.3,27.5,37.8,0
2026-09-23T23:15:41+00:00,M03,simulado,70.0,1.4,6.0,3435.0,32.1,30.5,38.0,0
2026-09-23T23:15:51+00:00,M03,simulado,69.8,1.5,6.2,3456.0,31.6,29.0,38.0,0
2026-09-23T23:16:01+00:00,M03,simulado,69.9,1.3,6.3,3465.0,31.4,30.1,37.5,0
2026-09-23T23:16:11+00:00,M03,simulado,70.0,1.5,6.5,3440.0,31.2,30.3,37.7,0
2026-09-23T23:16:21+00:00,M03,simulado,70.0,1.5,6.5,3451.0,31.7,29.5,38.0,0
2026-09-23T23:16:31+00:00,M03,simulado,70.0,1.6,6.3,3430.0,32.0,30.3,37.5,0
2026-09-23T23:16:41+00:00,M03,simulado,70.2,1.6,6.2,3429.0,31.3,30.8,38.0,0
2026-09-23T23:16:51+00:00,M03,simulado,70.2,1.5,6.3,3422.0,30.4,27.6,37.6,0
2026-09-23T23:17:01+00:00,M03,simulado,70.0,1.6,6.2,3429.0,31.3,28.0,36.9,0
2026-09-23T23:17:11+00:00,M03,simulado,70.2,1.5,6.2,3425.0,30.3,28.3,37.3,0
2026-09-23T23:17:21+00:00,M03,simulado,70.1,1.6,6.3,3444.0,29.5,28.6,37.3,0
2026-09-23T23:17:31+00:00,M03,simulado,70.1,1.7,6.6,3458.0,29.2,30.8,36.7,0
2026-09-23T23:17:41+00:00,M03,simulado,70.2,1.9,6.6,3456.0,28.4,29.8,36.9,0
2026-09-23T23:17:51+00:00,M03,simulado,70.3,1.7,6.5,3451.0,28.5,27.9,36.3,0
2026-09-23T23:18:01+00:00,M03,simulado,70.1,1.8,6.4,3461.0,28.1,28.3,37.1,0
2026-09-23T23:18:11+00:00,M03,simulado,70.3,2.0,6.1,3483.0,28.5,31.1,36.8,0
2026-09-23T23:18:21+00:00,M03,simulado,70.1,2.2,6.2,3501.0,28.0,28.8,37.5,0
2026-09-23T23:18:31+00:00,M03,simulado,69.9,1.9,6.4,3519.0,27.6,29.1,37.2,0
2026-09-23T23:18:41+00:00,M03,simulado,70.2,2.0,6.3,3503.0,28.6,29.8,37.5,0
2026-09-23T23:18:51+00:00,M03,simulado,70.0,1.9,6.1,3520.0,28.6,29.1,38.0,0
2026-09-23T23:19:01+00:00,M03,simulado,70.0,1.9,6.4,3525.0,29.4,30.8,38.0,0
2026-09-23T23:19:11+00:00,M03,simulado,69.9,1.8,6.6,3522.0,29.7,28.0,37.5,0
2026-09-23T23:19:21+00:00,M03,simulado,69.8,1.9,6.4,3520.0,30.6,29.7,37.4,0
2026-09-23T23:19:31+00:00,M03,simulado,69.8,1.8,6.1,3516.0,30.1,27.4,37.3,0
2026-09-23T23:19:41+00:00,M03,simulado,70.1,2.1,6.0,3516.0,30.1,27.7,38.0,0
2026-09-23T23:19:51+00:00,M03,simulado,70.0,1.9,6.0,3506.0,30.7,30.7,37.9,0
2026-09-23T23:20:01+00:00,M03,simulado,70.2,2.0,6.0,3510.0,31.5,30.9,38.0,0
2026-09-23T23:20:11+00:00,M03,simulado,70.4,2.0,6.1,3527.0,32.0,27.7,37.7,0
2026-09-23T23:20:21+00:00,M03,simulado,70.3,2.0,6.0,3510.0,31.6,30.2,37.9,0
2026-09-23T23:20:31+00:00,M03,simulado,70.3,2.1,6.0,3509.0,32.2,31.1,38.0,0
2026-09-23T23:20:41+00:00,M03,simulado,70.1,2.2,6.1,3505.0,32.7,28.0,38.0,0
2026-09-23T23:20:51+00:00,M03,simulado,70.3,2.2,6.3,3521.0,33.6,28.7,38.0,0
2026-09-23T23:21:01+00:00,M03,simulado,70.3,2.3,6.1,3531.0,34.2,28.6,38.0,0
2026-09-23T23:21:11+00:00,M03,simulado,70.4,2.3,6.0,3546.0,34.4,29.5,38.0,0
2026-09-23T23:21:21+00:00,M03,simulado,70.3,2.0,6.0,3536.0,35.2,30.8,38.0,0
2026-09-23T23:21:31+00:00,M03,simulado,70.3,2.0,6.0,3542.0,34.6,27.5,37.6,0
2026-09-23T23:21:41+00:00,M03,simulado,70.3,1.8,6.2,3535.0,33.7,30.2,38.0,0
2026-09-23T23:21:51+00:00,M03,simulado,70.4,1.5,6.1,3523.0,34.1,30.6,37.3,0
2026-09-23T23:22:01+00:00,M03,simulado,70.5,1.4,6.1,3520.0,33.6,29.2,36.6,0
2026-09-23T23:22:11+00:00,M03,simulado,70.3,1.4,6.3,3524.0,32.9,28.3,36.5,0
2026-09-23T23:22:21+00:00,M03,simulado,70.1,1.5,6.4,3504.0,33.0,28.9,36.0,0
2026-09-23T23:22:31+00:00,M03,simulado,70.1,1.7,6.7,3515.0,32.3,30.9,36.8,0
2026-09-23T23:22:41+00:00,M03,simulado,70.2,1.6,6.7,3514.0,31.6,29.4,37.0,0
2026-09-23T23:22:51+00:00,M03,simulado,70.3,1.8,6.6,3525.0,30.7,28.2,36.4,0
2026-09-23T23:23:01+00:00,M03,simulado,70.4,2.0,6.4,3523.0,30.2,29.0,36.7,0
2026-09-23T23:23:11+00:00,M03,simulado,70.5,1.8,6.2,3517.0,31.2,29.1,36.4,0
2026-09-23T23:23:21+00:00,M03,simulado,70.5,1.6,6.0,3507.0,31.1,27.9,36.8,0
2026-09-23T23:23:31+00:00,M03,simulado,70.5,1.8,6.2,3488.0,31.3,28.3,37.5,0
2026-09-23T23:23:41+00:00,M03,simulado,70.2,1.9,6.5,3508.0,30.3,27.5,37.5,0
2026-09-23T23:23:51+00:00,M03,simulado,70.0,2.1,6.8,3497.0,29.4,27.6,37.6,0
2026-09-23T23:24:01+00:00,M03,simulado,70.2,2.1,6.9,3473.0,28.7,27.7,38.0,0
2026-09-23T23:24:11+00:00,M03,simulado,70.4,2.0,6.7,3469.0,28.9,30.9,38.0,0
2026-09-23T23:24:21+00:00,M03,simulado,70.2,1.9,6.9,3462.0,28.3,31.0,37.6,0
2026-09-23T23:24:31+00:00,M03,simulado,70.1,1.8,6.9,3441.0,28.3,27.8,38.0,0
2026-09-23T23:24:41+00:00,M03,simulado,70.3,2.0,7.1,3430.0,27.4,28.2,38.0,0
2026-09-23T23:24:51+00:00,M03,simulado,70.1,1.9,6.9,3422.0,27.1,27.8,38.0,0
2026-09-23T23:25:01+00:00,M03,simulado,70.0,1.8,6.7,3433.0,27.5,28.6,38.0,0
2026-09-23T23:25:11+00:00,M03,simulado,69.9,1.7,6.8,3420.0,27.4,27.8,38.0,0
2026-09-23T23:25:21+00:00,M03,simulado,69.8,1.6,6.9,3439.0,26.5,30.5,37.8,0
2026-09-23T23:25:31+00:00,M03,simulado,70.0,1.7,6.8,3442.0,26.0,30.0,37.7,0
2026-09-23T23:25:41+00:00,M03,simulado,70.1,1.8,7.1,3428.0,25.3,28.4,37.7,0
2026-09-23T23:25:51+00:00,M03,simulado,70.3,1.8,7.3,3420.0,24.6,27.8,38.0,0
2026-09-23T23:26:01+00:00,M03,simulado,70.4,1.6,7.3,3420.0,24.2,28.9,38.0,0
2026-09-23T23:26:11+00:00,M03,simulado,70.3,1.4,7.4,3420.0,24.1,28.7,37.5,0
2026-09-23T23:26:21+00:00,M03,simulado,70.4,1.4,7.3,3431.0,24.0,30.6,37.1,0
2026-09-23T23:26:31+00:00,M03,simulado,70.2,1.6,7.6,3426.0,24.4,29.9,37.1,0
2026-09-23T23:26:41+00:00,M03,simulado,70.3,1.6,7.5,3439.0,24.0,29.9,37.0,0
2026-09-23T23:26:51+00:00,M03,simulado,70.2,1.4,7.2,3464.0,24.9,29.7,37.1,0
2026-09-23T23:27:01+00:00,M03,simulado,70.0,1.3,7.1,3455.0,25.8,30.4,36.8,0
2026-09-23T23:27:11+00:00,M03,simulado,70.1,1.2,7.0,3444.0,26.2,28.8,36.6,0
2026-09-23T23:27:21+00:00,M03,simulado,70.2,1.3,7.0,3459.0,26.4,27.8,36.8,0
2026-09-23T23:27:31+00:00,M03,simulado,70.3,1.2,7.1,3440.0,26.2,28.3,36.1,0
2026-09-23T23:27:41+00:00,M03,simulado,70.4,1.0,7.4,3463.0,27.1,29.5,35.9,0
2026-09-23T23:27:51+00:00,M03,simulado,70.2,1.2,7.6,3461.0,26.5,28.0,36.5,0
2026-09-23T23:28:01+00:00,M03,simulado,70.0,1.2,7.5,3461.0,26.8,30.3,37.2,0
2026-09-23T23:28:11+00:00,M03,simulado,69.9,1.3,7.5,3465.0,26.3,27.9,37.3,0
2026-09-23T23:28:21+00:00,M03,simulado,69.9,1.3,7.7,3486.0,26.1,31.1,37.7,0
2026-09-23T23:28:31+00:00,M03,simulado,70.1,1.4,7.9,3483.0,25.7,31.0,38.0,0
2026-09-23T23:28:41+00:00,M03,simulado,70.1,1.4,7.8,3488.0,25.0,29.0,37.8,0
2026-09-23T23:28:51+00:00,M03,simulado,70.2,1.5,8.1,3480.0,25.1,31.1,38.0,0
2026-09-23T23:29:01+00:00,M03,simulado,70.3,1.4,8.0,3461.0,24.1,28.6,37.6,0
2026-09-23T23:29:11+00:00,M03,simulado,70.3,1.6,8.0,3469.0,24.1,29.2,37.1,0
2026-09-23T23:29:21+00:00,M03,simulado,70.1,1.8,8.0,3448.0,24.6,31.3,37.2,0
2026-09-23T23:29:31+00:00,M03,simulado,70.1,1.9,8.2,3423.0,24.0,30.0,37.4,0
2026-09-23T23:29:41+00:00,M03,simulado,70.1,2.1,8.4,3428.0,24.7,30.1,37.5,0
2026-09-23T23:29:51+00:00,M03,simulado,70.3,2.2,8.5,3436.0,25.7,29.9,37.1,0
2026-09-23T23:30:01+00:00,M03,simulado,70.3,2.2,8.3,3429.0,26.4,27.8,36.8,0
2026-09-23T23:30:11+00:00,M03,simulado,70.2,2.0,8.2,3420.0,26.2,28.5,36.6,0
2026-09-23T23:30:21+00:00,M03,simulado,70.0,2.0,8.2,3427.0,25.9,29.2,37.3,0
2026-09-23T23:30:31+00:00,M03,simulado,69.9,2.2,8.3,3442.0,26.2,29.1,37.4,0
2026-09-23T23:30:41+00:00,M03,simulado,70.1,2.2,8.6,3431.0,27.1,28.9,37.6,0
2026-09-23T23:30:51+00:00,M03,simulado,70.2,2.3,8.6,3420.0,26.9,31.3,38.0,0
2026-09-23T23:31:01+00:00,M03,simulado,70.2,2.3,8.3,3420.0,27.4,28.3,37.6,0
2026-09-23T23:31:11+00:00,M03,simulado,70.1,2.3,8.2,3424.0,28.2,30.6,37.2,0
2026-09-23T23:31:21+00:00,M03,simulado,70.0,2.4,8.3,3446.0,28.7,29.5,37.2,0
2026-09-23T23:31:31+00:00,M03,simulado,70.1,2.3,8.3,3464.0,29.2,28.6,37.9,0
2026-09-23T23:31:41+00:00,M03,simulado,69.9,2.1,8.1,3456.0,28.3,28.2,38.0,0
2026-09-23T23:31:51+00:00,M03,simulado,70.0,2.1,8.1,3470.0,27.3,27.8,38.0,0
2026-09-23T23:32:01+00:00,M03,simulado,70.1,1.9,8.2,3448.0,27.4,30.3,38.0,0
2026-09-23T23:32:11+00:00,M03,simulado,70.1,1.8,8.0,3456.0,28.3,28.1,38.0,0
2026-09-23T23:32:21+00:00,M03,simulado,70.2,1.8,7.8,3480.0,28.5,31.2,37.3,0
2026-09-23T23:32:31+00:00,M03,simulado,70.3,1.7,7.6,3471.0,29.5,30.9,36.6,0
2026-09-23T23:32:41+00:00,M03,simulado,70.1,1.9,7.9,3494.0,30.4,29.3,37.0,0
2026-09-23T23:32:51+00:00,M03,simulado,70.2,2.1,7.6,3486.0,29.9,29.8,37.5,0
2026-09-23T23:33:01+00:00,M03,simulado,70.1,2.3,7.6,3511.0,29.3,30.8,37.1,0
2026-09-23T23:33:11+00:00,M03,simulado,70.3,2.4,7.5,3519.0,29.7,30.9,36.5,0
2026-09-23T23:33:21+00:00,M03,simulado,70.4,2.6,7.7,3528.0,29.9,28.9,36.3,0
2026-09-23T23:33:31+00:00,M03,simulado,70.3,2.7,7.5,3513.0,30.6,27.8,36.3,0
2026-09-23T23:33:41+00:00,M03,simulado,70.2,3.0,7.4,3534.0,30.6,27.7,35.5,0
2026-09-23T23:33:51+00:00,M03,simulado,70.4,2.8,7.3,3540.0,29.7,29.9,34.8,0
2026-09-23T23:34:01+00:00,M03,simulado,70.3,2.7,7.6,3536.0,28.8,28.0,34.2,0
2026-09-23T23:34:11+00:00,M03,simulado,70.2,2.7,7.7,3534.0,28.2,30.4,34.7,0
2026-09-23T23:34:21+00:00,M03,simulado,70.2,2.7,7.5,3530.0,27.7,30.8,35.4,0
2026-09-23T23:34:31+00:00,M03,simulado,70.3,2.9,7.3,3524.0,27.3,28.9,35.4,0
2026-09-23T23:34:41+00:00,M03,simulado,70.4,2.9,7.1,3542.0,27.9,28.4,35.6,0
2026-09-23T23:34:51+00:00,M03,simulado,70.1,2.7,6.9,3535.0,27.0,30.2,36.1,0
2026-09-23T23:35:01+00:00,M03,simulado,70.2,2.8,7.1,3540.0,27.7,29.2,35.7,0
2026-09-23T23:35:11+00:00,M03,simulado,70.2,2.7,7.0,3531.0,27.4,29.8,35.5,0
2026-09-23T23:35:21+00:00,M03,simulado,70.3,3.0,6.8,3541.0,27.6,27.7,36.2,0
2026-09-23T23:35:31+00:00,M03,simulado,70.1,3.0,6.5,3548.0,27.9,31.2,36.8,0
2026-09-23T23:35:41+00:00,M03,simulado,70.0,2.9,6.8,3542.0,27.5,27.7,36.6,0
2026-09-23T23:35:51+00:00,M03,simulado,70.2,3.1,6.8,3525.0,26.5,27.8,36.6,0
2026-09-23T23:36:01+00:00,M03,simulado,70.1,3.2,6.6,3508.0,26.3,30.2,36.7,0
2026-09-23T23:36:11+00:00,M03,simulado,70.2,3.2,6.5,3511.0,26.4,28.8,36.3,0
2026-09-23T23:36:21+00:00,M03,simulado,70.0,3.4,6.6,3488.0,25.7,30.5,35.9,0
2026-09-23T23:36:31+00:00,M03,simulado,69.8,3.2,6.3,3463.0,24.7,30.8,35.4,0
2026-09-23T23:36:41+00:00,M03,simulado,69.8,3.1,6.6,3483.0,24.0,27.6,35.1,0
2026-09-23T23:36:51+00:00,M03,simulado,69.8,2.9,6.9,3486.0,24.0,29.3,35.0,0
2026-09-23T23:37:01+00:00,M03,simulado,69.9,2.7,7.0,3465.0,24.0,31.5,34.8,0
2026-09-23T23:37:11+00:00,M03,simulado,70.0,2.5,6.8,3473.0,24.0,27.8,35.3,0
2026-09-23T23:37:21+00:00,M03,simulado,69.8,2.3,6.6,3453.0,24.0,29.7,35.6,0
2026-09-23T23:37:31+00:00,M03,simulado,70.1,2.6,6.6,3451.0,24.0,29.6,36.3,0
2026-09-23T23:37:41+00:00,M03,simulado,69.9,2.4,6.4,3475.0,24.0,27.9,36.0,0
2026-09-23T23:37:51+00:00,M03,simulado,69.9,2.4,6.2,3457.0,24.3,30.8,35.8,0
2026-09-23T23:38:01+00:00,M03,simulado,69.8,2.5,6.1,3479.0,24.0,30.5,35.5,0
2026-09-23T23:38:11+00:00,M03,simulado,70.0,2.6,6.4,3499.0,24.2,28.7,36.0,0
2026-09-23T23:38:21+00:00,M03,simulado,70.0,2.7,6.4,3519.0,24.0,28.7,36.0,0
2026-09-23T23:38:31+00:00,M03,simulado,70.0,2.7,6.7,3515.0,24.9,30.7,36.3,0
2026-09-23T23:38:41+00:00,M03,simulado,69.9,2.7,6.6,3512.0,25.6,30.1,36.1,0
2026-09-23T23:38:51+00:00,M03,simulado,69.9,2.8,6.8,3518.0,26.1,31.0,36.8,0
2026-09-23T23:39:01+00:00,M03,simulado,69.9,3.0,7.0,3497.0,25.5,29.9,36.4,0
2026-09-23T23:39:11+00:00,M03,simulado,70.0,2.8,7.3,3516.0,25.9,27.6,36.3,0
2026-09-23T23:39:21+00:00,M03,simulado,70.2,2.6,7.1,3508.0,26.6,29.9,37.0,0
2026-09-23T23:39:31+00:00,M03,simulado,70.1,2.7,7.1,3515.0,26.0,28.0,37.0,0
2026-09-23T23:39:41+00:00,M03,simulado,70.2,2.5,7.1,3509.0,25.3,30.6,36.8,0
2026-09-23T23:39:51+00:00,M03,simulado,70.3,2.5,7.2,3525.0,26.3,31.5,36.6,0
2026-09-23T23:40:01+00:00,M03,simulado,70.3,2.3,7.2,3533.0,27.3,28.8,36.5,0
2026-09-23T23:40:11+00:00,M03,simulado,70.3,2.2,7.5,3525.0,27.2,28.7,35.9,0
2026-09-23T23:40:21+00:00,M03,simulado,70.2,2.3,7.3,3514.0,26.8,29.1,36.1,0
2026-09-23T23:40:31+00:00,M03,simulado,70.0,2.2,7.2,3500.0,26.8,30.7,36.7,0
2026-09-23T23:40:41+00:00,M03,simulado,70.0,2.1,7.4,3476.0,26.4,30.3,36.9,0
2026-09-23T23:40:51+00:00,M03,simulado,69.8,2.3,7.4,3471.0,27.1,30.4,37.0,0
2026-09-23T23:41:01+00:00,M03,simulado,70.0,2.1,7.5,3483.0,27.8,30.8,36.9,0
2026-09-23T23:41:11+00:00,M03,simulado,70.0,2.0,7.3,3488.0,27.8,31.1,37.0,0
2026-09-23T23:41:21+00:00,M03,simulado,70.1,1.8,7.4,3496.0,27.5,29.0,37.3,0
2026-09-23T23:41:31+00:00,M03,simulado,70.2,1.9,7.5,3499.0,27.3,30.2,36.7,0
2026-09-23T23:41:41+00:00,M03,simulado,70.2,1.7,7.7,3504.0,26.7,30.8,35.9,0
2026-09-23T23:41:51+00:00,M03,simulado,70.3,1.7,7.7,3496.0,27.4,28.4,35.7,0
2026-09-23T23:42:01+00:00,M03,simulado,70.3,1.8,7.5,3508.0,28.4,29.1,35.9,0
2026-09-23T23:42:11+00:00,M03,simulado,70.1,1.6,7.3,3495.0,29.0,30.8,36.3,0
2026-09-23T23:42:21+00:00,M03,simulado,69.9,1.4,7.6,3483.0,29.0,29.1,36.7,0
2026-09-23T23:42:31+00:00,M03,simulado,69.7,1.7,7.9,3476.0,28.1,27.9,36.2,0
2026-09-23T23:42:41+00:00,M03,simulado,69.9,1.9,7.7,3471.0,28.8,29.1,36.9,0
2026-09-23T23:42:51+00:00,M03,simulado,70.1,1.8,7.6,3479.0,27.9,31.2,36.3,0
2026-09-23T23:43:01+00:00,M03,simulado,70.0,1.6,7.7,3499.0,27.8,31.0,36.8,0
2026-09-23T23:43:11+00:00,M03,simulado,70.0,1.4,7.6,3496.0,26.9,28.7,37.6,0
2026-09-23T23:43:21+00:00,M03,simulado,70.1,1.4,7.9,3477.0,27.4,29.6,37.2,0
2026-09-23T23:43:31+00:00,M03,simulado,70.1,1.2,7.7,3485.0,27.6,29.5,37.6,0
2026-09-23T23:43:41+00:00,M03,simulado,69.9,1.3,7.9,3484.0,27.7,29.9,37.0,0
2026-09-23T23:43:51+00:00,M03,simulado,69.8,1.3,8.1,3469.0,26.7,31.0,36.3,0
2026-09-23T23:44:01+00:00,M03,simulado,69.9,1.4,8.0,3459.0,27.6,28.6,36.0,0
2026-09-23T23:44:11+00:00,M03,simulado,69.9,1.2,7.7,3445.0,28.3,27.7,36.6,0
2026-09-23T23:44:21+00:00,M03,simulado,70.0,1.3,8.0,3441.0,28.7,28.1,37.2,0
2026-09-23T23:44:31+00:00,M03,simulado,70.0,1.1,8.2,3431.0,29.0,29.4,37.7,0
2026-09-23T23:44:41+00:00,M03,simulado,70.0,1.3,8.0,3420.0,28.9,30.3,37.8,0
2026-09-23T23:44:51+00:00,M03,simulado,70.0,1.1,8.2,3423.0,28.7,27.7,38.0,0
2026-09-23T23:45:01+00:00,M03,simulado,69.9,1.0,8.5,3444.0,29.2,30.8,38.0,0
2026-09-23T23:45:11+00:00,M03,simulado,69.9,1.0,8.5,3463.0,29.9,30.4,38.0,0
2026-09-23T23:45:21+00:00,M03,simulado,69.9,1.2,8.5,3455.0,30.8,28.5,37.4,0
2026-09-23T23:45:31+00:00,M03,simulado,70.0,1.3,8.7,3462.0,31.3,31.6,37.8,0
2026-09-23T23:45:41+00:00,M03,simulado,70.1,1.3,8.9,3464.0,30.5,27.9,38.0,0
2026-09-23T23:45:51+00:00,M03,simulado,70.2,1.2,8.9,3455.0,30.9,28.2,37.8,0
2026-09-23T23:46:01+00:00,M03,simulado,70.0,1.1,8.9,3469.0,31.0,30.8,37.6,0
2026-09-23T23:46:11+00:00,M03,simulado,70.1,1.0,8.9,3478.0,31.2,27.7,37.6,0
2026-09-23T23:46:21+00:00,M03,simulado,70.2,1.2,8.9,3466.0,30.4,29.6,37.2,0
2026-09-23T23:46:31+00:00,M03,simulado,70.0,1.0,8.6,3490.0,30.8,29.8,36.5,0
2026-09-23T23:46:41+00:00,M03,simulado,69.9,1.0,8.6,3470.0,31.1,31.3,36.2,0
2026-09-23T23:46:51+00:00,M03,simulado,69.9,1.0,8.6,3489.0,30.6,29.9,35.5,0
2026-09-23T23:47:01+00:00,M03,simulado,69.7,1.1,8.8,3486.0,31.1,28.8,36.1,0
2026-09-23T23:47:11+00:00,M03,simulado,69.7,1.0,8.9,3476.0,31.6,30.6,35.6,0
2026-09-23T23:47:21+00:00,M03,simulado,69.8,1.0,8.6,3494.0,31.2,30.5,34.9,0
2026-09-23T23:47:31+00:00,M03,simulado,69.8,1.1,8.6,3509.0,31.1,30.6,35.2,0
2026-09-23T23:47:41+00:00,M03,simulado,69.8,1.3,8.4,3496.0,32.1,31.2,34.6,0
2026-09-23T23:47:51+00:00,M03,simulado,69.6,1.3,8.4,3512.0,32.0,31.4,35.2,0
2026-09-23T23:48:01+00:00,M03,simulado,69.6,1.2,8.6,3524.0,31.0,28.6,35.9,0
2026-09-23T23:48:11+00:00,M03,simulado,69.7,1.1,8.9,3504.0,30.2,30.5,35.3,0
2026-09-23T23:48:21+00:00,M03,simulado,69.6,1.2,8.6,3514.0,29.9,27.7,36.1,0
2026-09-23T23:48:31+00:00,M03,simulado,69.5,1.4,8.7,3537.0,30.9,30.8,35.5,0
2026-09-23T23:48:41+00:00,M03,simulado,69.7,1.2,8.5,3558.0,31.5,31.5,35.2,0
2026-09-23T23:48:51+00:00,M03,simulado,69.8,1.5,8.5,3546.0,31.9,28.8,36.0,0
2026-09-23T23:49:01+00:00,M03,simulado,69.7,1.5,8.3,3531.0,32.2,29.0,36.2,0
2026-09-23T23:49:11+00:00,M03,simulado,69.5,1.5,8.3,3544.0,32.7,27.8,35.9,0
2026-09-23T23:49:21+00:00,M03,simulado,69.4,1.4,8.4,3565.0,33.1,28.6,36.7,0
2026-09-23T23:49:31+00:00,M03,simulado,69.6,1.6,8.5,3580.0,32.2,30.7,36.3,0
2026-09-23T23:49:41+00:00,M03,simulado,69.7,1.6,8.2,3565.0,32.1,30.2,35.6,0
2026-09-23T23:49:51+00:00,M03,simulado,69.7,1.4,8.1,3557.0,32.8,28.5,35.3,0
2026-09-23T23:50:01+00:00,M03,simulado,69.6,1.3,7.9,3538.0,31.9,31.5,35.7,0
2026-09-23T23:50:11+00:00,M03,simulado,69.8,1.2,7.6,3524.0,31.0,28.5,36.3,0
2026-09-23T23:50:21+00:00,M03,simulado,69.8,1.2,7.7,3516.0,30.5,28.6,36.4,0
2026-09-23T23:50:31+00:00,M03,simulado,69.7,1.5,7.5,3527.0,29.7,30.9,36.2,0
2026-09-23T23:50:41+00:00,M03,simulado,69.8,1.5,7.6,3543.0,29.2,27.8,36.5,0
2026-09-23T23:50:51+00:00,M03,simulado,69.6,1.7,7.5,3564.0,28.4,27.9,37.1,0
2026-09-23T23:51:01+00:00,M03,simulado,69.8,1.7,7.8,3558.0,29.0,28.8,37.6,0
2026-09-23T23:51:11+00:00,M03,simulado,69.8,1.8,7.5,3570.0,29.9,31.3,37.6,0
2026-09-23T23:51:21+00:00,M03,simulado,69.7,1.7,7.3,3551.0,30.1,28.3,37.7,0
2026-09-23T23:51:31+00:00,M03,simulado,69.8,1.9,7.6,3550.0,30.0,31.3,38.0,0
2026-09-23T23:51:41+00:00,M03,simulado,69.9,2.0,7.5,3534.0,29.4,29.5,37.9,0
2026-09-23T23:51:51+00:00,M03,simulado,69.7,2.0,7.8,3518.0,28.8,30.2,37.2,0
2026-09-23T23:52:01+00:00,M03,simulado,69.8,2.0,7.7,3504.0,27.9,28.5,36.9,0
2026-09-23T23:52:11+00:00,M03,simulado,69.9,2.2,7.9,3503.0,28.1,31.1,37.3,0
2026-09-23T23:52:21+00:00,M03,simulado,69.9,2.3,7.8,3521.0,28.7,28.1,37.3,0
2026-09-23T23:52:31+00:00,M03,simulado,69.8,2.4,7.7,3542.0,28.6,31.8,37.6,0
2026-09-23T23:52:41+00:00,M03,simulado,69.9,2.7,7.6,3528.0,28.3,29.7,38.0,0
2026-09-23T23:52:51+00:00,M03,simulado,70.0,2.6,7.9,3516.0,29.2,29.6,37.7,0
2026-09-23T23:53:01+00:00,M03,simulado,70.2,2.7,8.1,3531.0,28.3,28.0,37.0,0
2026-09-23T23:53:11+00:00,M03,simulado,69.9,2.9,8.0,3544.0,27.7,28.3,36.6,0
2026-09-23T23:53:21+00:00,M03,simulado,69.7,2.8,8.1,3552.0,28.4,27.9,37.3,0
2026-09-23T23:53:31+00:00,M03,simulado,69.8,2.8,7.9,3536.0,27.9,30.4,37.2,0
2026-09-23T23:53:41+00:00,M03,simulado,69.9,2.7,8.0,3560.0,28.7,28.7,36.8,0
2026-09-23T23:53:51+00:00,M03,simulado,69.7,2.5,8.2,3552.0,27.9,30.0,37.0,0
2026-09-23T23:54:01+00:00,M03,simulado,69.8,2.7,8.4,3572.0,28.3,30.6,37.3,0
2026-09-23T23:54:11+00:00,M03,simulado,69.6,2.7,8.6,3580.0,28.8,30.6,36.9,0
2026-09-23T23:54:21+00:00,M03,simulado,69.8,2.5,8.7,3571.0,28.2,30.5,37.0,0
2026-09-23T23:54:31+00:00,M03,simulado,69.6,2.6,8.9,3562.0,27.3,30.6,36.4,0
2026-09-23T23:54:41+00:00,M03,simulado,69.9,2.7,8.9,3548.0,26.9,30.9,35.7,0
2026-09-23T23:54:51+00:00,M03,simulado,69.8,2.7,8.8,3534.0,27.4,27.9,35.0,0
2026-09-23T23:55:01+00:00,M03,simulado,69.7,2.6,8.6,3516.0,26.5,28.8,35.3,0
2026-09-23T23:55:11+00:00,M03,simulado,69.6,2.5,8.5,3520.0,25.9,30.4,35.5,0
2026-09-23T23:55:21+00:00,M03,simulado,69.5,2.3,8.3,3528.0,26.5,29.3,34.8,0
2026-09-23T23:55:31+00:00,M03,simulado,69.5,2.2,8.6,3541.0,26.5,30.6,35.2,0
2026-09-23T23:55:41+00:00,M03,simulado,69.5,2.0,8.5,3525.0,26.9,29.6,35.7,0
2026-09-23T23:55:51+00:00,M03,simulado,69.6,1.8,8.5,3535.0,26.2,30.1,35.6,0
2026-09-23T23:56:01+00:00,M03,simulado,69.4,1.7,8.4,3554.0,25.4,30.0,35.4,0
2026-09-23T23:56:11+00:00,M03,simulado,69.5,1.7,8.4,3536.0,24.4,30.2,35.3,0
2026-09-23T23:56:21+00:00,M03,simulado,69.4,1.9,8.5,3520.0,24.0,29.3,34.9,0
2026-09-23T23:56:31+00:00,M03,simulado,69.5,1.9,8.4,3520.0,24.9,31.0,34.3,0
2026-09-23T23:56:41+00:00,M03,simulado,69.4,1.7,8.6,3511.0,24.8,28.8,34.7,0
2026-09-23T23:56:51+00:00,M03,simulado,69.3,1.6,8.9,3508.0,24.0,30.8,35.1,0
2026-09-23T23:57:01+00:00,M03,simulado,69.4,1.7,8.6,3505.0,24.0,30.9,35.1,0
2026-09-23T23:57:11+00:00,M03,simulado,69.6,1.5,8.8,3501.0,24.0,28.0,34.6,0
2026-09-23T23:57:21+00:00,M03,simulado,69.8,1.3,8.9,3525.0,24.0,31.8,34.5,0
2026-09-23T23:57:31+00:00,M03,simulado,69.8,1.4,8.6,3507.0,24.7,30.7,33.9,0
2026-09-23T23:57:41+00:00,M03,simulado,69.8,1.5,8.8,3508.0,24.0,31.0,33.5,0
2026-09-23T23:57:51+00:00,M03,simulado,69.8,1.8,8.5,3486.0,24.0,28.2,33.7,0
2026-09-23T23:58:01+00:00,M03,simulado,69.9,1.8,8.7,3510.0,24.0,31.2,33.0,0
2026-09-23T23:58:11+00:00,M03,simulado,69.8,2.0,8.8,3488.0,24.0,29.8,33.2,0
2026-09-23T23:58:21+00:00,M03,simulado,69.7,1.9,8.9,3482.0,24.4,28.0,32.6,0
2026-09-23T23:58:31+00:00,M03,simulado,69.8,1.7,8.6,3467.0,24.0,29.2,33.2,0
2026-09-23T23:58:41+00:00,M03,simulado,69.8,1.6,8.7,3483.0,25.0,29.1,33.1,0
2026-09-23T23:58:51+00:00,M03,simulado,70.0,1.8,8.8,3465.0,25.7,28.3,32.4,0
2026-09-23T23:59:01+00:00,M03,simulado,70.0,1.7,8.6,3449.0,25.5,31.0,32.0,0
2026-09-23T23:59:11+00:00,M03,simulado,70.0,1.5,8.5,3465.0,25.3,31.9,32.5,0
2026-09-23T23:59:21+00:00,M03,simulado,69.9,1.7,8.3,3483.0,24.4,31.7,31.9,0
2026-09-23T23:59:31+00:00,M03,simulado,69.8,1.9,8.1,3477.0,24.0,28.5,31.8,0
2026-09-23T23:59:41+00:00,M03,simulado,69.8,2.1,8.1,3501.0,24.0,29.6,31.4,0
2026-09-23T23:59:51+00:00,M03,simulado,69.7,2.1,8.1,3509.0,24.0,30.4,32.1,0
2026-09-24T00:00:01+00:00,M03,simulado,69.7,1.9,8.2,3527.0,24.6,30.5,31.7,0
2026-09-24T00:00:11+00:00,M03,simulado,69.7,1.9,8.5,3505.0,24.0,29.9,31.7,0
2026-09-24T00:00:21+00:00,M03,simulado,69.8,2.0,8.4,3523.0,24.5,28.7,31.6,0
2026-09-24T00:00:31+00:00,M03,simulado,69.9,2.1,8.4,3514.0,24.0,29.0,31.3,0
2026-09-24T00:00:41+00:00,M03,simulado,69.8,2.3,8.7,3536.0,24.1,30.4,31.7,0
2026-09-24T00:00:51+00:00,M03,simulado,69.9,2.3,8.6,3550.0,24.7,31.9,31.4,0
2026-09-24T00:01:01+00:00,M03,simulado,69.7,2.1,8.9,3541.0,24.8,31.7,32.0,0
2026-09-24T00:01:11+00:00,M03,simulado,69.8,2.0,8.6,3519.0,25.0,31.0,32.3,0
2026-09-24T00:01:21+00:00,M03,simulado,69.8,2.2,8.7,3505.0,24.3,31.8,31.8,0
2026-09-24T00:01:31+00:00,M03,simulado,69.7,2.4,8.6,3521.0,24.9,30.3,31.5,0
2026-09-24T00:01:41+00:00,M03,simulado,69.7,2.1,8.9,3530.0,25.4,28.8,31.4,0
2026-09-24T00:01:51+00:00,M03,simulado,69.8,2.3,8.7,3509.0,25.7,29.4,30.7,0
2026-09-24T00:02:01+00:00,M03,simulado,69.6,2.4,8.5,3511.0,24.9,30.7,31.1,0
2026-09-24T00:02:11+00:00,M03,simulado,69.5,2.4,8.6,3517.0,24.7,28.2,30.8,0
2026-09-24T00:02:21+00:00,M03,simulado,69.6,2.4,8.9,3495.0,25.5,30.4,30.5,0
2026-09-24T00:02:31+00:00,M03,simulado,69.6,2.5,8.9,3475.0,25.9,28.1,30.9,0
2026-09-24T00:02:41+00:00,M03,simulado,69.4,2.4,8.9,3487.0,25.1,30.1,30.6,0
2026-09-24T00:02:51+00:00,M03,simulado,69.5,2.4,8.9,3471.0,24.5,31.2,30.4,0
2026-09-24T00:03:01+00:00,M03,simulado,69.7,2.2,8.9,3480.0,24.6,31.6,30.0,0
2026-09-24T00:03:11+00:00,M03,simulado,69.7,2.0,8.9,3469.0,25.5,28.9,29.7,0
2026-09-24T00:03:21+00:00,M03,simulado,69.8,1.9,8.9,3484.0,24.7,31.2,29.2,0
2026-09-24T00:03:31+00:00,M03,simulado,69.9,1.7,8.7,3484.0,24.0,31.3,29.1,0
2026-09-24T00:03:41+00:00,M03,simulado,70.0,1.8,8.5,3506.0,24.5,29.1,29.5,0
2026-09-24T00:03:51+00:00,M03,simulado,70.0,2.0,8.4,3487.0,25.4,31.1,29.1,0
2026-09-24T00:04:01+00:00,M03,simulado,70.1,2.1,8.3,3497.0,24.5,31.9,29.6,0
2026-09-24T00:04:11+00:00,M03,simulado,70.1,2.3,8.4,3491.0,24.7,30.6,29.1,0
2026-09-24T00:04:21+00:00,M03,simulado,70.1,2.3,8.7,3509.0,25.2,29.7,28.8,0
2026-09-24T00:04:31+00:00,M03,simulado,70.0,2.4,8.7,3509.0,25.4,28.2,29.2,0
2026-09-24T00:04:41+00:00,M03,simulado,69.9,2.5,8.7,3494.0,25.3,29.1,28.9,0
2026-09-24T00:04:51+00:00,M03,simulado,70.0,2.6,8.8,3510.0,25.4,29.4,29.6,0
2026-09-24T00:05:01+00:00,M03,simulado,70.0,2.7,8.6,3494.0,25.3,31.0,30.4,0
2026-09-24T00:05:11+00:00,M03,simulado,69.9,2.5,8.6,3506.0,24.6,28.2,31.1,0
2026-09-24T00:05:21+00:00,M03,simulado,69.8,2.6,8.8,3508.0,25.0,28.6,30.5,0
2026-09-24T00:05:31+00:00,M03,simulado,69.7,2.3,8.9,3508.0,24.2,30.7,30.4,0
2026-09-24T00:05:41+00:00,M03,simulado,69.6,2.2,8.9,3486.0,24.0,31.4,30.2,0
2026-09-24T00:05:51+00:00,M03,simulado,69.6,2.1,8.8,3484.0,24.0,29.0,31.0,0
2026-09-24T00:06:01+00:00,M03,simulado,69.5,2.2,8.8,3501.0,24.0,30.8,30.7,0
2026-09-24T00:06:11+00:00,M03,simulado,69.7,2.1,8.9,3516.0,24.0,28.2,30.8,0
2026-09-24T00:06:21+00:00,M03,simulado,69.7,2.1,8.8,3519.0,24.3,31.2,30.4,0
2026-09-24T00:06:31+00:00,M03,simulado,69.7,2.1,8.9,3527.0,24.0,29.5,30.4,0
2026-09-24T00:06:41+00:00,M03,simulado,69.5,2.0,8.9,3546.0,24.4,28.2,31.1,0
2026-09-24T00:06:51+00:00,M03,simulado,69.7,2.0,8.8,3555.0,25.2,28.5,30.7,0
2026-09-24T00:07:01+00:00,M03,simulado,69.5,2.1,8.9,3542.0,26.0,28.8,30.3,0
2026-09-24T00:07:11+00:00,M03,simulado,69.4,2.0,8.9,3544.0,25.7,31.9,30.4,0
2026-09-24T00:07:21+00:00,M03,simulado,69.5,1.8,8.7,3543.0,25.4,29.6,30.6,0
2026-09-24T00:07:31+00:00,M03,simulado,69.4,2.0,8.8,3545.0,24.9,31.0,30.8,0
2026-09-24T00:07:41+00:00,M03,simulado,69.5,2.0,8.5,3535.0,25.7,29.1,30.1,0
2026-09-24T00:07:51+00:00,M03,simulado,69.7,2.0,8.6,3552.0,25.6,29.6,30.1,0
2026-09-24T00:08:01+00:00,M03,simulado,69.7,1.8,8.3,3547.0,24.9,28.8,30.8,0
2026-09-24T00:08:11+00:00,M03,simulado,69.6,1.7,8.6,3532.0,25.1,30.8,30.3,0
2026-09-24T00:08:21+00:00,M03,simulado,69.7,1.9,8.9,3527.0,24.3,30.0,30.0,0
2026-09-24T00:08:31+00:00,M03,simulado,69.8,2.0,8.6,3544.0,24.7,30.3,30.1,0
2026-09-24T00:08:41+00:00,M03,simulado,69.7,1.8,8.8,3562.0,24.1,31.9,30.5,0
2026-09-24T00:08:51+00:00,M03,simulado,69.8,1.9,8.9,3580.0,24.2,28.4,30.4,0
2026-09-24T00:09:01+00:00,M03,simulado,69.7,1.7,8.9,3559.0,24.3,29.2,30.9,0
2026-09-24T00:09:11+00:00,M03,simulado,69.7,1.5,8.9,3538.0,24.0,29.8,31.4,0
2026-09-24T00:09:21+00:00,M03,simulado,69.8,1.5,8.9,3515.0,24.3,30.1,30.8,0
2026-09-24T00:09:31+00:00,M03,simulado,69.5,1.5,8.9,3497.0,24.5,29.9,30.4,0
2026-09-24T00:09:41+00:00,M03,simulado,69.7,1.6,8.7,3482.0,24.4,30.4,31.1,0
2026-09-24T00:09:51+00:00,M03,simulado,69.8,1.4,8.9,3504.0,25.2,29.6,30.8,0
2026-09-24T00:10:01+00:00,M03,simulado,69.7,1.6,8.9,3498.0,26.1,29.8,31.0,0
2026-09-24T00:10:11+00:00,M03,simulado,69.9,1.4,8.9,3498.0,25.6,31.4,30.5,0
2026-09-24T00:10:21+00:00,M03,simulado,69.9,1.6,8.9,3485.0,26.3,28.7,29.8,0
2026-09-24T00:10:31+00:00,M03,simulado,69.7,1.5,8.9,3487.0,25.9,32.0,29.6,0
2026-09-24T00:10:41+00:00,M03,simulado,69.9,1.4,8.9,3473.0,25.7,31.5,28.9,0
2026-09-24T00:10:51+00:00,M03,simulado,69.9,1.4,8.9,3494.0,26.5,28.3,28.3,0
2026-09-24T00:11:01+00:00,M03,simulado,70.0,1.2,8.9,3486.0,27.3,31.0,28.1,0
2026-09-24T00:11:11+00:00,M03,simulado,69.9,1.1,8.8,3503.0,26.5,30.0,27.6,0
2026-09-24T00:11:21+00:00,M03,simulado,70.0,1.2,8.8,3489.0,25.7,30.8,28.2,0
2026-09-24T00:11:31+00:00,M03,simulado,69.9,1.2,8.9,3473.0,26.3,30.5,28.9,0
2026-09-24T00:11:41+00:00,M03,simulado,70.0,1.5,8.9,3490.0,27.3,30.8,29.4,0
2026-09-24T00:11:51+00:00,M03,simulado,69.8,1.4,8.8,3478.0,27.9,29.4,30.0,0
2026-09-24T00:12:01+00:00,M03,simulado,69.6,1.5,8.8,3459.0,27.2,31.5,30.4,0
2026-09-24T00:12:11+00:00,M03,simulado,69.7,1.5,8.9,3458.0,26.9,31.8,31.0,0
2026-09-24T00:12:21+00:00,M03,simulado,69.6,1.4,8.6,3468.0,26.6,29.3,31.7,0
2026-09-24T00:12:31+00:00,M03,simulado,69.7,1.6,8.4,3461.0,26.9,28.4,31.5,0
2026-09-24T00:12:41+00:00,M03,simulado,69.6,1.5,8.5,3451.0,27.9,30.1,31.4,0
2026-09-24T00:12:51+00:00,M03,simulado,69.7,1.5,8.4,3466.0,28.2,28.4,31.8,0
2026-09-24T00:13:01+00:00,M03,simulado,69.8,1.2,8.2,3455.0,28.9,31.4,32.3,0
2026-09-24T00:13:11+00:00,M03,simulado,69.6,1.5,8.3,3449.0,28.8,30.3,31.9,0
2026-09-24T00:13:21+00:00,M03,simulado,69.5,1.4,8.6,3443.0,28.8,31.9,31.6,0
2026-09-24T00:13:31+00:00,M03,simulado,69.4,1.6,8.4,3453.0,29.3,29.7,31.1,0
2026-09-24T00:13:41+00:00,M03,simulado,69.6,1.8,8.5,3430.0,30.0,31.7,30.3,0
2026-09-24T00:13:51+00:00,M03,simulado,69.7,2.0,8.5,3434.0,30.5,30.0,30.5,0
2026-09-24T00:14:01+00:00,M03,simulado,69.5,2.0,8.3,3425.0,30.8,30.8,30.2,0
2026-09-24T00:14:11+00:00,M03,simulado,69.5,2.1,8.3,3420.0,31.3,28.3,31.0,0
2026-09-24T00:14:21+00:00,M03,simulado,69.4,2.3,8.1,3434.0,30.8,32.2,31.6,0
2026-09-24T00:14:31+00:00,M03,simulado,69.4,2.2,7.9,3458.0,31.2,29.1,31.6,0
2026-09-24T00:14:41+00:00,M03,simulado,69.3,2.5,8.2,3440.0,30.7,29.7,31.3,0
2026-09-24T00:14:51+00:00,M03,simulado,69.3,2.2,8.1,3451.0,31.6,30.3,31.9,0
2026-09-24T00:15:01+00:00,M03,simulado,69.2,2.3,8.3,3461.0,32.4,30.1,32.2,0
2026-09-24T00:15:11+00:00,M03,simulado,69.2,2.5,8.6,3471.0,32.7,32.2,32.2,0
2026-09-24T00:15:21+00:00,M03,simulado,69.3,2.6,8.3,3462.0,32.9,32.0,31.8,0
2026-09-24T00:15:31+00:00,M03,simulado,69.6,2.8,8.0,3470.0,33.8,30.0,31.9,0
2026-09-24T00:15:41+00:00,M03,simulado,69.7,2.7,8.3,3450.0,33.7,30.4,32.6,0
2026-09-24T00:15:51+00:00,M03,simulado,69.7,2.8,8.2,3443.0,34.4,29.1,32.2,0
2026-09-24T00:16:01+00:00,M03,simulado,69.5,2.7,8.3,3452.0,34.5,30.3,32.1,0
2026-09-24T00:16:11+00:00,M03,simulado,69.5,2.5,8.2,3445.0,34.6,31.7,32.0,0
2026-09-24T00:16:21+00:00,M03,simulado,69.6,2.6,7.9,3425.0,34.4,29.6,31.6,0
2026-09-24T00:16:31+00:00,M03,simulado,69.4,2.6,7.9,3420.0,34.0,30.0,32.0,0
2026-09-24T00:16:41+00:00,M03,simulado,69.4,2.3,7.7,3420.0,34.7,30.0,31.5,0
2026-09-24T00:16:51+00:00,M03,simulado,69.6,2.3,7.4,3420.0,34.3,29.3,30.9,0
2026-09-24T00:17:01+00:00,M03,simulado,69.6,2.5,7.4,3441.0,34.0,31.9,30.6,0
2026-09-24T00:17:11+00:00,M03,simulado,69.8,2.4,7.3,3420.0,34.7,30.6,30.9,0
2026-09-24T00:17:21+00:00,M03,simulado,69.7,2.4,7.6,3432.0,35.6,31.5,30.2,0
2026-09-24T00:17:31+00:00,M03,simulado,69.5,2.2,7.7,3426.0,35.2,30.4,30.5,0
2026-09-24T00:17:41+00:00,M03,simulado,69.7,2.1,7.7,3420.0,34.6,32.0,30.1,0
2026-09-24T00:17:51+00:00,M03,simulado,69.8,2.2,7.6,3420.0,35.3,30.6,29.5,0
2026-09-24T00:18:01+00:00,M03,simulado,69.7,2.1,7.7,3420.0,35.9,31.7,30.1,0
2026-09-24T00:18:11+00:00,M03,simulado,69.8,1.9,7.7,3420.0,35.5,29.4,30.5,0
2026-09-24T00:18:21+00:00,M03,simulado,69.7,2.0,7.6,3431.0,35.6,30.5,31.0,0
2026-09-24T00:18:31+00:00,M03,simulado,69.8,2.2,7.7,3420.0,35.7,31.6,31.4,0
2026-09-24T00:18:41+00:00,M03,simulado,69.6,2.3,7.4,3420.0,36.2,30.6,31.4,0
2026-09-24T00:18:51+00:00,M03,simulado,69.4,2.3,7.7,3420.0,36.1,28.9,30.7,0
2026-09-24T00:19:01+00:00,M03,simulado,69.3,2.4,7.5,3425.0,35.6,31.4,31.1,0
2026-09-24T00:19:11+00:00,M03,simulado,69.2,2.2,7.5,3442.0,35.6,30.7,31.4,0
2026-09-24T00:19:21+00:00,M03,simulado,69.2,2.3,7.7,3428.0,36.0,31.4,30.8,0
2026-09-24T00:19:31+00:00,M03,simulado,69.4,2.3,7.4,3420.0,36.1,30.6,30.7,0
2026-09-24T00:19:41+00:00,M03,simulado,69.5,2.3,7.3,3420.0,35.6,28.4,31.3,0
2026-09-24T00:19:51+00:00,M03,simulado,69.3,2.4,7.2,3420.0,34.7,29.7,31.0,0
2026-09-24T00:20:01+00:00,M03,simulado,69.2,2.2,7.3,3423.0,33.8,32.3,31.4,0
2026-09-24T00:20:11+00:00,M03,simulado,69.2,2.4,7.4,3441.0,33.8,29.6,31.9,0
2026-09-24T00:20:21+00:00,M03,simulado,69.3,2.5,7.4,3449.0,34.4,31.7,31.6,0
2026-09-24T00:20:31+00:00,M03,simulado,69.4,2.5,7.7,3438.0,33.4,31.0,31.5,0
2026-09-24T00:20:41+00:00,M03,simulado,69.4,2.6,7.8,3432.0,32.5,30.1,31.5,0
2026-09-24T00:20:51+00:00,M03,simulado,69.4,2.5,7.5,3455.0,32.5,30.7,32.3,0
2026-09-24T00:21:01+00:00,M03,simulado,69.4,2.3,7.6,3454.0,33.0,31.4,32.0,0
2026-09-24T00:21:11+00:00,M03,simulado,69.4,2.4,7.3,3471.0,32.8,30.9,32.4,0
2026-09-24T00:21:21+00:00,M03,simulado,69.6,2.5,7.6,3448.0,32.5,31.1,32.2,0
2026-09-24T00:21:31+00:00,M03,simulado,69.7,2.3,7.8,3440.0,32.1,29.1,32.7,0
2026-09-24T00:21:41+00:00,M03,simulado,69.8,2.2,7.7,3458.0,31.4,32.0,31.9,0
2026-09-24T00:21:51+00:00,M03,simulado,69.6,2.1,7.5,3452.0,31.2,31.8,31.3,0
2026-09-24T00:22:01+00:00,M03,simulado,69.7,2.1,7.7,3450.0,30.4,30.0,31.7,0
2026-09-24T00:22:11+00:00,M03,simulado,69.5,2.0,7.5,3448.0,30.3,31.3,32.4,0
2026-09-24T00:22:21+00:00,M03,simulado,69.3,1.9,7.3,3470.0,29.4,31.4,31.9,0
2026-09-24T00:22:31+00:00,M03,simulado,69.5,2.0,7.6,3454.0,28.9,31.4,31.4,0
2026-09-24T00:22:41+00:00,M03,simulado,69.7,1.9,7.4,3478.0,29.5,31.7,31.6,0
2026-09-24T00:22:51+00:00,M03,simulado,69.6,1.6,7.1,3468.0,29.0,29.2,31.5,0
2026-09-24T00:23:01+00:00,M03,simulado,69.5,1.5,6.8,3468.0,28.5,30.0,31.8,0
2026-09-24T00:23:11+00:00,M03,simulado,69.5,1.6,7.1,3446.0,28.4,31.5,32.2,0
2026-09-24T00:23:21+00:00,M03,simulado,69.5,1.7,7.3,3444.0,29.2,31.3,31.8,0
2026-09-24T00:23:31+00:00,M03,simulado,69.5,1.7,7.4,3448.0,28.5,28.9,32.6,0
2026-09-24T00:23:41+00:00,M03,simulado,69.5,2.0,7.5,3426.0,29.4,30.1,33.1,0
2026-09-24T00:23:51+00:00,M03,simulado,69.6,1.8,7.7,3420.0,29.2,29.1,33.5,0
2026-09-24T00:24:01+00:00,M03,simulado,69.4,2.0,7.6,3443.0,28.4,30.4,33.6,0
2026-09-24T00:24:11+00:00,M03,simulado,69.5,1.8,7.8,3428.0,28.3,30.9,33.2,0
2026-09-24T00:24:21+00:00,M03,simulado,69.7,1.8,8.0,3421.0,29.0,30.0,32.8,0
2026-09-24T00:24:31+00:00,M03,simulado,69.6,1.9,8.3,3420.0,28.5,30.7,32.3,0
2026-09-24T00:24:41+00:00,M03,simulado,69.6,2.0,8.3,3420.0,29.3,31.2,32.6,0
2026-09-24T00:24:51+00:00,M03,simulado,69.5,1.8,8.3,3420.0,29.2,29.3,32.5,0
2026-09-24T00:25:01+00:00,M03,simulado,69.5,1.6,8.6,3424.0,29.9,32.4,33.1,0
2026-09-24T00:25:11+00:00,M03,simulado,69.4,1.7,8.4,3447.0,28.9,30.5,32.5,0
2026-09-24T00:25:21+00:00,M03,simulado,69.3,1.9,8.5,3470.0,28.9,29.1,32.4,0
2026-09-24T00:25:31+00:00,M03,simulado,69.4,1.7,8.5,3483.0,29.8,29.5,32.8,0
2026-09-24T00:25:41+00:00,M03,simulado,69.4,1.9,8.3,3497.0,30.3,31.7,33.0,0
2026-09-24T00:25:51+00:00,M03,simulado,69.3,1.9,8.4,3472.0,29.3,30.3,32.4,0
2026-09-24T00:26:01+00:00,M03,simulado,69.4,1.7,8.2,3492.0,29.4,30.6,31.9,0
2026-09-24T00:26:11+00:00,M03,simulado,69.4,1.5,8.4,3504.0,29.9,29.0,31.9,0
2026-09-24T00:26:21+00:00,M03,simulado,69.4,1.5,8.5,3508.0,29.6,32.2,31.4,0
2026-09-24T00:26:31+00:00,M03,simulado,69.4,1.7,8.2,3512.0,29.0,28.7,31.5,0
2026-09-24T00:26:41+00:00,M03,simulado,69.5,1.5,8.1,3516.0,28.6,28.4,32.3,0
2026-09-24T00:26:51+00:00,M03,simulado,69.3,1.5,8.2,3497.0,29.1,29.9,32.0,0
2026-09-24T00:27:01+00:00,M03,simulado,69.4,1.7,8.1,3482.0,28.8,28.7,32.0,0
2026-09-24T00:27:11+00:00,M03,simulado,69.2,1.4,8.2,3472.0,27.9,30.0,31.7,0
2026-09-24T00:27:21+00:00,M03,simulado,69.1,1.5,7.9,3463.0,27.2,31.0,31.4,0
2026-09-24T00:27:31+00:00,M03,simulado,69.3,1.3,7.7,3484.0,27.0,32.4,31.3,0
2026-09-24T00:27:41+00:00,M03,simulado,69.3,1.1,7.5,3487.0,27.7,28.8,31.8,0
